公司,售電業者,出售單位,發電設備,購買者,成交紀錄
三地怪獸電力股份有限公司,三地能源股份有限公司(台南府城客運屋頂型太陽光電),三地怪獸電力股份有限公司,台南府城客運屋頂型太陽光電,台灣積體電路製造股份有限公司,於 2026-05-13 移轉 9.919 MWh
三地怪獸電力股份有限公司,三地能源股份有限公司(台南府城客運屋頂型太陽光電),三地怪獸電力股份有限公司,台南府城客運屋頂型太陽光電,台灣積體電路製造股份有限公司,於 2026-05-20 移轉 27.553 MWh
三地怪獸電力股份有限公司,嘉義汽車客運股份有限公司(嘉義客運屋頂型太陽光電),三地怪獸電力股份有限公司,嘉義客運屋頂型太陽光電,台灣普利司通股份有限公司,於 2026-04-15 移轉 34.025 MWh
三地怪獸電力股份有限公司,永樂再生能源有限公司(永樂再生屏東縣萬丹鄉屋頂型太陽光電),三地怪獸電力股份有限公司,永樂再生屏東縣萬丹鄉屋頂型太陽光電,台灣普利司通股份有限公司,於 2026-04-15 移轉 157.661 MWh
三地怪獸電力股份有限公司,許願樹科技有限公司(許願樹屏東縣萬華段地面型太陽光電),三地怪獸電力股份有限公司,許願樹屏東縣萬華段地面型太陽光電,台灣積體電路製造股份有限公司,於 2026-05-13 移轉 36.813 MWh
三地怪獸電力股份有限公司,許願樹科技有限公司(許願樹屏東縣萬華段地面型太陽光電),三地怪獸電力股份有限公司,許願樹屏東縣萬華段地面型太陽光電,台灣積體電路製造股份有限公司,於 2026-05-20 移轉 118.939 MWh
三地怪獸電力股份有限公司,許願樹科技有限公司(許願樹屏東縣萬興段屋頂型太陽光電),三地怪獸電力股份有限公司,許願樹屏東縣萬興段屋頂型太陽光電,台灣積體電路製造股份有限公司,於 2026-05-13 移轉 29.375 MWh
三地怪獸電力股份有限公司,許願樹科技有限公司(許願樹屏東縣萬興段屋頂型太陽光電),三地怪獸電力股份有限公司,許願樹屏東縣萬興段屋頂型太陽光電,台灣積體電路製造股份有限公司,於 2026-05-20 移轉 107.034 MWh
三地怪獸電力股份有限公司,許願樹科技有限公司(許願樹屏東縣鳳安路屋頂型太陽光電),三地怪獸電力股份有限公司,許願樹屏東縣鳳安路屋頂型太陽光電,台灣積體電路製造股份有限公司,於 2026-05-13 移轉 32.404 MWh
三地怪獸電力股份有限公司,許願樹科技有限公司(許願樹屏東縣鳳安路屋頂型太陽光電),三地怪獸電力股份有限公司,許願樹屏東縣鳳安路屋頂型太陽光電,台灣積體電路製造股份有限公司,於 2026-05-20 移轉 110.716 MWh
三地怪獸電力股份有限公司,許願樹科技有限公司(許願樹屏東縣七塊段地面型太陽光電),三地怪獸電力股份有限公司,許願樹屏東縣七塊段地面型太陽光電,台灣積體電路製造股份有限公司,於 2026-05-13 移轉 20.063 MWh
三地怪獸電力股份有限公司,許願樹科技有限公司(許願樹屏東縣七塊段地面型太陽光電),三地怪獸電力股份有限公司,許願樹屏東縣七塊段地面型太陽光電,台灣積體電路製造股份有限公司,於 2026-05-20 移轉 61.923 MWh
三地怪獸電力股份有限公司,主賞國際有限公司(主賞屏東縣萬丹鄉地面型太陽光電),三地怪獸電力股份有限公司,主賞屏東縣萬丹鄉地面型太陽光電,台灣積體電路製造股份有限公司,於 2026-05-13 移轉 21.996 MWh
三地怪獸電力股份有限公司,主賞國際有限公司(主賞屏東縣萬丹鄉地面型太陽光電),三地怪獸電力股份有限公司,主賞屏東縣萬丹鄉地面型太陽光電,台灣積體電路製造股份有限公司,於 2026-05-20 移轉 76.635 MWh
三地怪獸電力股份有限公司,合豐能源股份有限公司(合豐屏東太陽光電案場),三地怪獸電力股份有限公司,合豐屏東太陽光電案場,台灣積體電路製造股份有限公司,"於 2026-05-13 移轉 2,757.583 MWh"
三地怪獸電力股份有限公司,合豐能源股份有限公司(合豐屏東太陽光電案場),三地怪獸電力股份有限公司,合豐屏東太陽光電案場,台灣積體電路製造股份有限公司,"於 2026-05-20 移轉 9,006.674 MWh"
三地怪獸電力股份有限公司,南旭電力股份有限公司(南旭第一期漁電共生太陽光電案場),三地怪獸電力股份有限公司,南旭第一期漁電共生太陽光電案場,台灣積體電路製造股份有限公司,"於 2026-05-13 移轉 2,732.629 MWh"
三地怪獸電力股份有限公司,南旭電力股份有限公司(南旭第一期漁電共生太陽光電案場),三地怪獸電力股份有限公司,南旭第一期漁電共生太陽光電案場,台灣積體電路製造股份有限公司,"於 2026-05-20 移轉 6,298.958 MWh"
三地怪獸電力股份有限公司,展昇能源科技有限公司(展昇臺南市新市區屋頂型太陽光電),三地怪獸電力股份有限公司,展昇臺南市新市區屋頂型太陽光電,台灣積體電路製造股份有限公司,於 2026-05-13 移轉 31.061 MWh
三地怪獸電力股份有限公司,展昇能源科技有限公司(展昇臺南市新市區屋頂型太陽光電),三地怪獸電力股份有限公司,展昇臺南市新市區屋頂型太陽光電,台灣積體電路製造股份有限公司,於 2026-05-20 移轉 88.429 MWh
三地怪獸電力股份有限公司,展昇能源科技有限公司(展昇屏東縣高樹鄉地面型太陽光電),三地怪獸電力股份有限公司,展昇屏東縣高樹鄉地面型太陽光電,台灣積體電路製造股份有限公司,於 2026-05-13 移轉 6.719 MWh
三地怪獸電力股份有限公司,展昇能源科技有限公司(展昇屏東縣高樹鄉地面型太陽光電),三地怪獸電力股份有限公司,展昇屏東縣高樹鄉地面型太陽光電,台灣積體電路製造股份有限公司,於 2026-05-20 移轉 22.577 MWh
三地怪獸電力股份有限公司,展昇能源科技有限公司(展昇屏東縣高樹鄉屋頂型太陽光電),三地怪獸電力股份有限公司,展昇屏東縣高樹鄉屋頂型太陽光電,台灣積體電路製造股份有限公司,於 2026-05-13 移轉 17.479 MWh
三地怪獸電力股份有限公司,展昇能源科技有限公司(展昇屏東縣高樹鄉屋頂型太陽光電),三地怪獸電力股份有限公司,展昇屏東縣高樹鄉屋頂型太陽光電,台灣積體電路製造股份有限公司,於 2026-05-20 移轉 60.461 MWh
三地怪獸電力股份有限公司,展昇能源科技有限公司(展昇屏東縣東港鎮屋頂型太陽光電),三地怪獸電力股份有限公司,展昇屏東縣東港鎮屋頂型太陽光電,台灣積體電路製造股份有限公司,於 2026-05-13 移轉 22.495 MWh
三地怪獸電力股份有限公司,展昇能源科技有限公司(展昇屏東縣東港鎮屋頂型太陽光電),三地怪獸電力股份有限公司,展昇屏東縣東港鎮屋頂型太陽光電,台灣積體電路製造股份有限公司,於 2026-05-20 移轉 82.323 MWh
三地怪獸電力股份有限公司,展昇能源科技有限公司(展昇屏東縣恆春鎮地面型太陽光電),三地怪獸電力股份有限公司,展昇屏東縣恆春鎮地面型太陽光電,台灣積體電路製造股份有限公司,於 2026-05-13 移轉 8.477 MWh
三地怪獸電力股份有限公司,展昇能源科技有限公司(展昇屏東縣恆春鎮地面型太陽光電),三地怪獸電力股份有限公司,展昇屏東縣恆春鎮地面型太陽光電,台灣積體電路製造股份有限公司,於 2026-05-20 移轉 25.466 MWh
三地怪獸電力股份有限公司,展昇能源科技有限公司(展昇屏東縣九如鄉屋頂型太陽光電),三地怪獸電力股份有限公司,展昇屏東縣九如鄉屋頂型太陽光電,台灣積體電路製造股份有限公司,於 2026-05-13 移轉 23.208 MWh
三地怪獸電力股份有限公司,展昇能源科技有限公司(展昇屏東縣九如鄉屋頂型太陽光電),三地怪獸電力股份有限公司,展昇屏東縣九如鄉屋頂型太陽光電,台灣積體電路製造股份有限公司,於 2026-05-20 移轉 75.297 MWh
三地怪獸電力股份有限公司,展昇能源科技有限公司(展昇高雄市美濃區屋頂型太陽光電),三地怪獸電力股份有限公司,展昇高雄市美濃區屋頂型太陽光電,台灣積體電路製造股份有限公司,於 2026-05-13 移轉 12.165 MWh
三地怪獸電力股份有限公司,展昇能源科技有限公司(展昇高雄市美濃區屋頂型太陽光電),三地怪獸電力股份有限公司,展昇高雄市美濃區屋頂型太陽光電,台灣積體電路製造股份有限公司,於 2026-05-20 移轉 39.552 MWh
三地怪獸電力股份有限公司,展昇能源科技有限公司(展昇高雄市內門區屋頂型太陽光電),三地怪獸電力股份有限公司,展昇高雄市內門區屋頂型太陽光電,台灣積體電路製造股份有限公司,於 2026-05-13 移轉 20.259 MWh
三地怪獸電力股份有限公司,展昇能源科技有限公司(展昇高雄市內門區屋頂型太陽光電),三地怪獸電力股份有限公司,展昇高雄市內門區屋頂型太陽光電,台灣積體電路製造股份有限公司,於 2026-05-20 移轉 69.09 MWh
中威風力發電股份有限公司,(台中風場),中威風力發電股份有限公司,台中風場,台灣積體電路製造股份有限公司,於 2026-04-01 移轉 477.77 MWh
中威風力發電股份有限公司,(台中風場),中威風力發電股份有限公司,台中風場,台灣積體電路製造股份有限公司,於 2026-04-15 移轉 1.443 MWh
中威風力發電股份有限公司,(台中風場),中威風力發電股份有限公司,台中風場,台灣積體電路製造股份有限公司,於 2026-04-22 移轉 354.631 MWh
中威風力發電股份有限公司,(台中風場),中威風力發電股份有限公司,台中風場,台灣積體電路製造股份有限公司,"於 2026-05-20 移轉 13,317.883 MWh"
中曜股份有限公司,天權智慧能源股份有限公司(中曜股份有限公司),中曜股份有限公司,中曜股份有限公司,凱基證券股份有限公司,於 2026-04-01 移轉 63.952 MWh
中曜股份有限公司,天權智慧能源股份有限公司(中曜股份有限公司),中曜股份有限公司,中曜股份有限公司,凱基期貨股份有限公司,於 2026-04-01 移轉 23.003 MWh
中曜股份有限公司,瑤光智慧能源股份有限公司(中曜股份有限公司 ),中曜股份有限公司,中曜股份有限公司,瑞昱半導體股份有限公司,"於 2026-04-01 移轉 1,041.766 MWh"
中曜股份有限公司,瑤光智慧能源股份有限公司(中曜股份有限公司 ),中曜股份有限公司,中曜股份有限公司,瑞昱半導體股份有限公司,"於 2026-05-13 移轉 1,056.243 MWh"
中曜股份有限公司,開陽智慧能源股份有限公司(中曜股份有限公司 ),中曜股份有限公司,中曜股份有限公司,香奈兒有限公司,於 2026-03-11 移轉 29 MWh
中曜股份有限公司,中晏電業股份有限公司(中晏 86 號),中曜股份有限公司,中晏 86 號,長興材料工業股份有限公司,於 2026-04-01 移轉 9.804 MWh
中曜股份有限公司,中晏電業股份有限公司(中晏 86 號),中曜股份有限公司,中晏 86 號,長興材料工業股份有限公司,於 2026-05-13 移轉 10.41 MWh
中曜股份有限公司,中租迪和股份有限公司(中租 2471 號),中曜股份有限公司,中租 2471 號,金居開發股份有限公司,於 2026-04-01 移轉 36.482 MWh
中曜股份有限公司,中租迪和股份有限公司(中租 2471 號),中曜股份有限公司,中租 2471 號,金居開發股份有限公司,於 2026-05-13 移轉 36.943 MWh
中曜股份有限公司,中租迪和股份有限公司(中租 2285 號),中曜股份有限公司,中租 2285 號,長興材料工業股份有限公司,於 2026-04-01 移轉 3.777 MWh
中曜股份有限公司,中租迪和股份有限公司(中租 2285 號),中曜股份有限公司,中租 2285 號,長興材料工業股份有限公司,於 2026-05-13 移轉 3.565 MWh
中曜股份有限公司,中租迪和股份有限公司(中租 3279 號),中曜股份有限公司,中租 3279 號,長興材料工業股份有限公司,於 2026-04-01 移轉 4.568 MWh
中曜股份有限公司,中租迪和股份有限公司(中租 3279 號),中曜股份有限公司,中租 3279 號,長興材料工業股份有限公司,於 2026-05-13 移轉 4.021 MWh
中曜股份有限公司,中租迪和股份有限公司(中租 2283 號),中曜股份有限公司,中租 2283 號,長興材料工業股份有限公司,於 2026-04-01 移轉 3.175 MWh
中曜股份有限公司,中租迪和股份有限公司(中租 2283 號),中曜股份有限公司,中租 2283 號,長興材料工業股份有限公司,於 2026-05-13 移轉 2.782 MWh
中曜股份有限公司,中租迪和股份有限公司(中租 2282 號),中曜股份有限公司,中租 2282 號,金居開發股份有限公司,於 2026-04-01 移轉 15.632 MWh
中曜股份有限公司,中租迪和股份有限公司(中租 2282 號),中曜股份有限公司,中租 2282 號,金居開發股份有限公司,於 2026-05-13 移轉 15.412 MWh
中曜股份有限公司,中租迪和股份有限公司(中租 1212 號),中曜股份有限公司,中租 1212 號,長興材料工業股份有限公司,於 2026-04-01 移轉 5.792 MWh
中曜股份有限公司,中租迪和股份有限公司(中租 1212 號),中曜股份有限公司,中租 1212 號,長興材料工業股份有限公司,於 2026-05-13 移轉 6.336 MWh
中曜股份有限公司,中租迪和股份有限公司(中租 2286 號),中曜股份有限公司,中租 2286 號,長興材料工業股份有限公司,於 2026-04-01 移轉 3.464 MWh
中曜股份有限公司,中租迪和股份有限公司(中租 2286 號),中曜股份有限公司,中租 2286 號,長興材料工業股份有限公司,於 2026-05-13 移轉 3.127 MWh
中曜股份有限公司,中租迪和股份有限公司(中租 2284號),中曜股份有限公司,中租 2284號,金居開發股份有限公司,於 2026-04-01 移轉 15.386 MWh
中曜股份有限公司,中租迪和股份有限公司(中租 2284號),中曜股份有限公司,中租 2284號,金居開發股份有限公司,於 2026-05-13 移轉 15.145 MWh
中曜股份有限公司,中租迪和股份有限公司(中租 1680 號),中曜股份有限公司,中租 1680 號,長興材料工業股份有限公司,於 2026-04-01 移轉 4.841 MWh
中曜股份有限公司,中租迪和股份有限公司(中租 1680 號),中曜股份有限公司,中租 1680 號,長興材料工業股份有限公司,於 2026-05-13 移轉 4.423 MWh
中曜股份有限公司,中租迪和股份有限公司(中租 1858 號),中曜股份有限公司,中租 1858 號,長興材料工業股份有限公司,於 2026-04-01 移轉 2.891 MWh
中曜股份有限公司,中租迪和股份有限公司(中租 1858 號),中曜股份有限公司,中租 1858 號,長興材料工業股份有限公司,於 2026-05-13 移轉 2.648 MWh
中曜股份有限公司,中租迪和股份有限公司(中租 4126 號),中曜股份有限公司,中租 4126 號,長興材料工業股份有限公司,於 2026-04-01 移轉 3.198 MWh
中曜股份有限公司,中租迪和股份有限公司(中租 4126 號),中曜股份有限公司,中租 4126 號,長興材料工業股份有限公司,於 2026-05-13 移轉 3.638 MWh
中曜股份有限公司,中租迪和股份有限公司(中租 1687 號),中曜股份有限公司,中租 1687 號,長興材料工業股份有限公司,於 2026-04-01 移轉 3.289 MWh
中曜股份有限公司,中租迪和股份有限公司(中租 1687 號),中曜股份有限公司,中租 1687 號,長興材料工業股份有限公司,於 2026-05-13 移轉 2.947 MWh
中曜股份有限公司,中租迪和股份有限公司(中租 2324 號),中曜股份有限公司,中租 2324 號,長興材料工業股份有限公司,於 2026-04-01 移轉 3.515 MWh
中曜股份有限公司,中租迪和股份有限公司(中租 2324 號),中曜股份有限公司,中租 2324 號,長興材料工業股份有限公司,於 2026-05-13 移轉 3.46 MWh
中曜股份有限公司,中租迪和股份有限公司(中租 2325 號),中曜股份有限公司,中租 2325 號,長興材料工業股份有限公司,於 2026-04-01 移轉 4.335 MWh
中曜股份有限公司,中租迪和股份有限公司(中租 2325 號),中曜股份有限公司,中租 2325 號,長興材料工業股份有限公司,於 2026-05-13 移轉 4.121 MWh
中曜股份有限公司,中租迪和股份有限公司(中租 1688 號),中曜股份有限公司,中租 1688 號,長興材料工業股份有限公司,於 2026-04-01 移轉 3.027 MWh
中曜股份有限公司,中租迪和股份有限公司(中租 1688 號),中曜股份有限公司,中租 1688 號,長興材料工業股份有限公司,於 2026-05-13 移轉 2.939 MWh
中曜股份有限公司,中租迪和股份有限公司(中租 1860 號),中曜股份有限公司,中租 1860 號,長興材料工業股份有限公司,於 2026-04-01 移轉 3.418 MWh
中曜股份有限公司,中租迪和股份有限公司(中租 1860 號),中曜股份有限公司,中租 1860 號,長興材料工業股份有限公司,於 2026-05-13 移轉 3.412 MWh
中曜股份有限公司,中租迪和股份有限公司(中租 1859 號),中曜股份有限公司,中租 1859 號,長興材料工業股份有限公司,於 2026-04-01 移轉 3.316 MWh
中曜股份有限公司,中租迪和股份有限公司(中租 1859 號),中曜股份有限公司,中租 1859 號,長興材料工業股份有限公司,於 2026-05-13 移轉 3.34 MWh
中曜股份有限公司,中租迪和股份有限公司(中租 1217 號),中曜股份有限公司,中租 1217 號,長興材料工業股份有限公司,於 2026-04-01 移轉 2.112 MWh
中曜股份有限公司,中租迪和股份有限公司(中租 1217 號),中曜股份有限公司,中租 1217 號,長興材料工業股份有限公司,於 2026-05-13 移轉 2.105 MWh
中曜股份有限公司,中租迪和股份有限公司(中租 0563 號),中曜股份有限公司,中租 0563 號,長興材料工業股份有限公司,於 2026-04-01 移轉 5.007 MWh
中曜股份有限公司,中租迪和股份有限公司(中租 0563 號),中曜股份有限公司,中租 0563 號,長興材料工業股份有限公司,於 2026-05-13 移轉 4.68 MWh
中曜股份有限公司,中租迪和股份有限公司(中租 1427 號),中曜股份有限公司,中租 1427 號,長興材料工業股份有限公司,於 2026-04-01 移轉 4.186 MWh
中曜股份有限公司,中租迪和股份有限公司(中租 1427 號),中曜股份有限公司,中租 1427 號,長興材料工業股份有限公司,於 2026-05-13 移轉 5.885 MWh
中曜股份有限公司,中租迪和股份有限公司(中租 0633 號),中曜股份有限公司,中租 0633 號,長興材料工業股份有限公司,於 2026-04-01 移轉 3.627 MWh
中曜股份有限公司,中租迪和股份有限公司(中租 0633 號),中曜股份有限公司,中租 0633 號,長興材料工業股份有限公司,於 2026-05-13 移轉 3.664 MWh
中曜股份有限公司,中租迪和股份有限公司(中租 3506 號),中曜股份有限公司,中租 3506 號,長興材料工業股份有限公司,於 2026-04-01 移轉 4.36 MWh
中曜股份有限公司,中租迪和股份有限公司(中租 3506 號),中曜股份有限公司,中租 3506 號,長興材料工業股份有限公司,於 2026-05-13 移轉 4.224 MWh
中曜股份有限公司,中租迪和股份有限公司(中租 4052 號),中曜股份有限公司,中租 4052 號,長興材料工業股份有限公司,於 2026-04-01 移轉 5.782 MWh
中曜股份有限公司,中租迪和股份有限公司(中租 4052 號),中曜股份有限公司,中租 4052 號,長興材料工業股份有限公司,於 2026-05-13 移轉 6.192 MWh
中曜股份有限公司,永唐有限公司(永唐 98 號),中曜股份有限公司,永唐 98 號,長興材料工業股份有限公司,於 2026-04-01 移轉 3.045 MWh
中曜股份有限公司,永唐有限公司(永唐 98 號),中曜股份有限公司,永唐 98 號,長興材料工業股份有限公司,於 2026-05-13 移轉 3.035 MWh
中曜股份有限公司,中租迪和股份有限公司(中租 854 號),中曜股份有限公司,中租 854 號,明基材料股份有限公司,於 2026-04-01 移轉 33.383 MWh
中曜股份有限公司,中租迪和股份有限公司(中租 854 號),中曜股份有限公司,中租 854 號,明基材料股份有限公司,於 2026-05-13 移轉 33.673 MWh
中曜股份有限公司,中租迪和股份有限公司(中租 855 號),中曜股份有限公司,中租 855 號,明基材料股份有限公司,於 2026-04-01 移轉 37.741 MWh
中曜股份有限公司,中租迪和股份有限公司(中租 855 號),中曜股份有限公司,中租 855 號,明基材料股份有限公司,於 2026-05-13 移轉 38.591 MWh
中曜股份有限公司,中租迪和股份有限公司(中租 856 號),中曜股份有限公司,中租 856 號,香奈兒有限公司,於 2026-05-13 移轉 28.5 MWh
中曜股份有限公司,中租迪和股份有限公司(中租 3410 號),中曜股份有限公司,中租 3410 號,明基材料股份有限公司,於 2026-04-01 移轉 102.738 MWh
中曜股份有限公司,中租迪和股份有限公司(中租 3410 號),中曜股份有限公司,中租 3410 號,明基材料股份有限公司,於 2026-05-13 移轉 104.993 MWh
中曜股份有限公司,中租迪和股份有限公司(中租 2743 號),中曜股份有限公司,中租 2743 號,長興材料工業股份有限公司,於 2026-04-01 移轉 14.895 MWh
中曜股份有限公司,中租迪和股份有限公司(中租 2743 號),中曜股份有限公司,中租 2743 號,長興材料工業股份有限公司,於 2026-05-13 移轉 14.229 MWh
中曜股份有限公司,中租迪和股份有限公司(中租 6061 號),中曜股份有限公司,中租 6061 號,長興材料工業股份有限公司,於 2026-04-01 移轉 4.936 MWh
中曜股份有限公司,中租迪和股份有限公司(中租 6061 號),中曜股份有限公司,中租 6061 號,長興材料工業股份有限公司,於 2026-05-13 移轉 5.191 MWh
中曜股份有限公司,中租迪和股份有限公司(中租 2071 號),中曜股份有限公司,中租 2071 號,長興材料工業股份有限公司,於 2026-04-01 移轉 2.902 MWh
中曜股份有限公司,中租迪和股份有限公司(中租 2071 號),中曜股份有限公司,中租 2071 號,長興材料工業股份有限公司,於 2026-05-13 移轉 2.746 MWh
中曜股份有限公司,中租迪和股份有限公司(中租 2072 號),中曜股份有限公司,中租 2072 號,長興材料工業股份有限公司,於 2026-04-01 移轉 3.654 MWh
中曜股份有限公司,中租迪和股份有限公司(中租 2072 號),中曜股份有限公司,中租 2072 號,長興材料工業股份有限公司,於 2026-05-13 移轉 3.456 MWh
中曜股份有限公司,中租迪和股份有限公司(中租 2073 號),中曜股份有限公司,中租 2073 號,長興材料工業股份有限公司,於 2026-04-01 移轉 3.713 MWh
中曜股份有限公司,中租迪和股份有限公司(中租 2073 號),中曜股份有限公司,中租 2073 號,長興材料工業股份有限公司,於 2026-05-13 移轉 3.499 MWh
中曜股份有限公司,中租迪和股份有限公司(中租 2012 號),中曜股份有限公司,中租 2012 號,長興材料工業股份有限公司,於 2026-04-01 移轉 4.39 MWh
中曜股份有限公司,中租迪和股份有限公司(中租 2012 號),中曜股份有限公司,中租 2012 號,長興材料工業股份有限公司,於 2026-05-13 移轉 4.56 MWh
中曜股份有限公司,中租迪和股份有限公司(中租 1191 號),中曜股份有限公司,中租 1191 號,長興材料工業股份有限公司,於 2026-04-01 移轉 4.981 MWh
中曜股份有限公司,中租迪和股份有限公司(中租 1191 號),中曜股份有限公司,中租 1191 號,長興材料工業股份有限公司,於 2026-05-13 移轉 5.365 MWh
中華系統整合股份有限公司,康陽新能源股份有限公司(屏東都計農里港D),中華系統整合股份有限公司,屏東都計農里港D,臺豪鋼鐵股份有限公司,於 2026-05-13 移轉 66.761 MWh
中華系統整合股份有限公司,康陽新能源股份有限公司(屏東都計農里港D),中華系統整合股份有限公司,屏東都計農里港D,臺豪鋼鐵股份有限公司,於 2026-05-20 移轉 40.981 MWh
中華系統整合股份有限公司,康陽新能源股份有限公司(屏東都計農里港E),中華系統整合股份有限公司,屏東都計農里港E,臺豪鋼鐵股份有限公司,於 2026-05-13 移轉 55.781 MWh
中華系統整合股份有限公司,康陽新能源股份有限公司(屏東都計農里港E),中華系統整合股份有限公司,屏東都計農里港E,臺豪鋼鐵股份有限公司,於 2026-05-20 移轉 37.257 MWh
中鋼光能股份有限公司,(中鋼鋼板工場#02#03庫),中鋼光能股份有限公司,中鋼鋼板工場#02#03庫,中國鋼鐵股份有限公司,於 2026-03-05 移轉 159.162 MWh
中鋼光能股份有限公司,(中鋼鋼板工場#02#03庫),中鋼光能股份有限公司,中鋼鋼板工場#02#03庫,中國鋼鐵股份有限公司,於 2026-04-08 移轉 170.075 MWh
中鋼光能股份有限公司,(中鋼鋼板工場#02#03庫),中鋼光能股份有限公司,中鋼鋼板工場#02#03庫,中國鋼鐵股份有限公司,於 2026-05-20 移轉 223.513 MWh
中鋼光能股份有限公司,(中鋼#09~#11條鋼工廠),中鋼光能股份有限公司,中鋼#09~#11條鋼工廠,中國鋼鐵股份有限公司,於 2026-03-05 移轉 115.398 MWh
中鋼光能股份有限公司,(中鋼#09~#11條鋼工廠),中鋼光能股份有限公司,中鋼#09~#11條鋼工廠,中國鋼鐵股份有限公司,於 2026-04-08 移轉 126.038 MWh
中鋼光能股份有限公司,(中鋼#09~#11條鋼工廠),中鋼光能股份有限公司,中鋼#09~#11條鋼工廠,中國鋼鐵股份有限公司,於 2026-05-20 移轉 164.438 MWh
中鋼光能股份有限公司,(中鋼小鋼胚儲區),中鋼光能股份有限公司,中鋼小鋼胚儲區,中國鋼鐵股份有限公司,於 2026-03-05 移轉 52.511 MWh
中鋼光能股份有限公司,(中鋼小鋼胚儲區),中鋼光能股份有限公司,中鋼小鋼胚儲區,中國鋼鐵股份有限公司,於 2026-04-08 移轉 56.424 MWh
中鋼光能股份有限公司,(中鋼小鋼胚儲區),中鋼光能股份有限公司,中鋼小鋼胚儲區,中國鋼鐵股份有限公司,於 2026-05-20 移轉 72.839 MWh
中鋼光能股份有限公司,(中鋼成品倉庫#25庫),中鋼光能股份有限公司,中鋼成品倉庫#25庫,中國鋼鐵股份有限公司,於 2026-03-05 移轉 81.269 MWh
中鋼光能股份有限公司,(中鋼成品倉庫#25庫),中鋼光能股份有限公司,中鋼成品倉庫#25庫,中國鋼鐵股份有限公司,於 2026-04-08 移轉 88.412 MWh
中鋼光能股份有限公司,(中鋼成品倉庫#25庫),中鋼光能股份有限公司,中鋼成品倉庫#25庫,中國鋼鐵股份有限公司,於 2026-05-20 移轉 115.91 MWh
中鋼光能股份有限公司,(中鋼#17成品倉庫),中鋼光能股份有限公司,中鋼#17成品倉庫,中國鋼鐵股份有限公司,於 2026-03-05 移轉 59.234 MWh
中鋼光能股份有限公司,(中鋼#17成品倉庫),中鋼光能股份有限公司,中鋼#17成品倉庫,中國鋼鐵股份有限公司,於 2026-04-08 移轉 62.115 MWh
中鋼光能股份有限公司,(中鋼#17成品倉庫),中鋼光能股份有限公司,中鋼#17成品倉庫,中國鋼鐵股份有限公司,於 2026-05-20 移轉 79.661 MWh
中鋼光能股份有限公司,(中鋼#20成品倉庫),中鋼光能股份有限公司,中鋼#20成品倉庫,中國鋼鐵股份有限公司,於 2026-03-05 移轉 72.401 MWh
中鋼光能股份有限公司,(中鋼#20成品倉庫),中鋼光能股份有限公司,中鋼#20成品倉庫,中國鋼鐵股份有限公司,於 2026-04-08 移轉 80.433 MWh
中鋼光能股份有限公司,(中鋼#20成品倉庫),中鋼光能股份有限公司,中鋼#20成品倉庫,中國鋼鐵股份有限公司,於 2026-05-20 移轉 108.657 MWh
中鋼光能股份有限公司,(中鋼輕型軋輥課),中鋼光能股份有限公司,中鋼輕型軋輥課,中國鋼鐵股份有限公司,於 2026-03-05 移轉 13.599 MWh
中鋼光能股份有限公司,(中鋼輕型軋輥課),中鋼光能股份有限公司,中鋼輕型軋輥課,中國鋼鐵股份有限公司,於 2026-04-08 移轉 14.148 MWh
中鋼光能股份有限公司,(中鋼輕型軋輥課),中鋼光能股份有限公司,中鋼輕型軋輥課,中國鋼鐵股份有限公司,於 2026-05-20 移轉 17.838 MWh
中鋼光能股份有限公司,(中鋼第二線材水場脫水機房),中鋼光能股份有限公司,中鋼第二線材水場脫水機房,中國鋼鐵股份有限公司,於 2026-03-05 移轉 9.337 MWh
中鋼光能股份有限公司,(中鋼第二線材水場脫水機房),中鋼光能股份有限公司,中鋼第二線材水場脫水機房,中國鋼鐵股份有限公司,於 2026-04-08 移轉 10.016 MWh
中鋼光能股份有限公司,(中鋼第二線材水場脫水機房),中鋼光能股份有限公司,中鋼第二線材水場脫水機房,中國鋼鐵股份有限公司,於 2026-05-20 移轉 13.008 MWh
中鋼光能股份有限公司,(中鋼第二連續退火線(庫),中鋼光能股份有限公司,中鋼第二連續退火線&#40庫,中國鋼鐵股份有限公司,於 2026-03-05 移轉 57.792 MWh
中鋼光能股份有限公司,(中鋼第二連續退火線(庫),中鋼光能股份有限公司,中鋼第二連續退火線&#40庫,中國鋼鐵股份有限公司,於 2026-04-08 移轉 59.973 MWh
中鋼光能股份有限公司,(中鋼第二連續退火線(庫),中鋼光能股份有限公司,中鋼第二連續退火線&#40庫,中國鋼鐵股份有限公司,於 2026-05-20 移轉 78.8 MWh
中鋼光能股份有限公司,(中鋼W3扁鋼胚鑄造精整儲區),中鋼光能股份有限公司,中鋼W3扁鋼胚鑄造精整儲區,中國鋼鐵股份有限公司,於 2026-03-05 移轉 56.372 MWh
中鋼光能股份有限公司,(中鋼W3扁鋼胚鑄造精整儲區),中鋼光能股份有限公司,中鋼W3扁鋼胚鑄造精整儲區,中國鋼鐵股份有限公司,於 2026-04-08 移轉 59.74 MWh
中鋼光能股份有限公司,(中鋼W3扁鋼胚鑄造精整儲區),中鋼光能股份有限公司,中鋼W3扁鋼胚鑄造精整儲區,中國鋼鐵股份有限公司,於 2026-05-20 移轉 82.249 MWh
中鋼光能股份有限公司,(中鋼第二熱軋),中鋼光能股份有限公司,中鋼第二熱軋,中國鋼鐵股份有限公司,於 2026-03-05 移轉 325.487 MWh
中鋼光能股份有限公司,(中鋼第二熱軋),中鋼光能股份有限公司,中鋼第二熱軋,中國鋼鐵股份有限公司,於 2026-04-08 移轉 343.522 MWh
中鋼光能股份有限公司,(中鋼第二熱軋),中鋼光能股份有限公司,中鋼第二熱軋,中國鋼鐵股份有限公司,於 2026-05-20 移轉 459.303 MWh
中鋼光能股份有限公司,(中鋼#34~37庫&冷軋調質工廠),中鋼光能股份有限公司,中鋼#34~37庫&冷軋調質工廠,中國鋼鐵股份有限公司,於 2026-03-05 移轉 349.584 MWh
中鋼光能股份有限公司,(中鋼#34~37庫&冷軋調質工廠),中鋼光能股份有限公司,中鋼#34~37庫&冷軋調質工廠,中國鋼鐵股份有限公司,於 2026-04-08 移轉 374.974 MWh
中鋼光能股份有限公司,(中鋼#34~37庫&冷軋調質工廠),中鋼光能股份有限公司,中鋼#34~37庫&冷軋調質工廠,中國鋼鐵股份有限公司,於 2026-05-20 移轉 500.773 MWh
中鋼光能股份有限公司,(中鋼第一連續退火線&連續塗覆工廠),中鋼光能股份有限公司,中鋼第一連續退火線&連續塗覆工廠,中國鋼鐵股份有限公司,於 2026-03-05 移轉 39.689 MWh
中鋼光能股份有限公司,(中鋼第一連續退火線&連續塗覆工廠),中鋼光能股份有限公司,中鋼第一連續退火線&連續塗覆工廠,中國鋼鐵股份有限公司,於 2026-04-08 移轉 41.387 MWh
中鋼光能股份有限公司,(中鋼第一連續退火線&連續塗覆工廠),中鋼光能股份有限公司,中鋼第一連續退火線&連續塗覆工廠,中國鋼鐵股份有限公司,於 2026-05-20 移轉 54.104 MWh
中鋼光能股份有限公司,(中鋼成品倉庫#39庫&第一熱浸鍍鋅線),中鋼光能股份有限公司,中鋼成品倉庫#39庫&第一熱浸鍍鋅線,中國鋼鐵股份有限公司,於 2026-03-05 移轉 61.338 MWh
中鋼光能股份有限公司,(中鋼成品倉庫#39庫&第一熱浸鍍鋅線),中鋼光能股份有限公司,中鋼成品倉庫#39庫&第一熱浸鍍鋅線,中國鋼鐵股份有限公司,於 2026-04-08 移轉 64.238 MWh
中鋼光能股份有限公司,(中鋼成品倉庫#39庫&第一熱浸鍍鋅線),中鋼光能股份有限公司,中鋼成品倉庫#39庫&第一熱浸鍍鋅線,中國鋼鐵股份有限公司,於 2026-05-20 移轉 81.87 MWh
中鋼光能股份有限公司,(中鋼第一酸洗冷軋線&冷軋軋輥二股),中鋼光能股份有限公司,中鋼第一酸洗冷軋線&冷軋軋輥二股,中國鋼鐵股份有限公司,於 2026-03-05 移轉 40.233 MWh
中鋼光能股份有限公司,(中鋼第一酸洗冷軋線&冷軋軋輥二股),中鋼光能股份有限公司,中鋼第一酸洗冷軋線&冷軋軋輥二股,中國鋼鐵股份有限公司,於 2026-04-08 移轉 43.61 MWh
中鋼光能股份有限公司,(中鋼第一酸洗冷軋線&冷軋軋輥二股),中鋼光能股份有限公司,中鋼第一酸洗冷軋線&冷軋軋輥二股,中國鋼鐵股份有限公司,於 2026-05-20 移轉 56.791 MWh
中鋼光能股份有限公司,(中鋼封盒退火場),中鋼光能股份有限公司,中鋼封盒退火場,中國鋼鐵股份有限公司,於 2026-03-05 移轉 32.207 MWh
中鋼光能股份有限公司,(中鋼封盒退火場),中鋼光能股份有限公司,中鋼封盒退火場,中國鋼鐵股份有限公司,於 2026-04-08 移轉 35.206 MWh
中鋼光能股份有限公司,(中鋼封盒退火場),中鋼光能股份有限公司,中鋼封盒退火場,中國鋼鐵股份有限公司,於 2026-05-20 移轉 45.933 MWh
中鋼光能股份有限公司,(中鋼南站80000T原水池&VC-1F03原水池),中鋼光能股份有限公司,中鋼南站80000T原水池&VC-1F03原水池,中國鋼鐵股份有限公司,於 2026-03-05 移轉 25.342 MWh
中鋼光能股份有限公司,(中鋼南站80000T原水池&VC-1F03原水池),中鋼光能股份有限公司,中鋼南站80000T原水池&VC-1F03原水池,中國鋼鐵股份有限公司,於 2026-04-08 移轉 25.185 MWh
中鋼光能股份有限公司,(中鋼南站80000T原水池&VC-1F03原水池),中鋼光能股份有限公司,中鋼南站80000T原水池&VC-1F03原水池,中國鋼鐵股份有限公司,於 2026-05-20 移轉 36.475 MWh
中鋼光能股份有限公司,(中鋼第一熱軋精整),中鋼光能股份有限公司,中鋼第一熱軋精整,中國鋼鐵股份有限公司,於 2026-03-05 移轉 61.674 MWh
中鋼光能股份有限公司,(中鋼第一熱軋精整),中鋼光能股份有限公司,中鋼第一熱軋精整,中國鋼鐵股份有限公司,於 2026-04-08 移轉 62.808 MWh
中鋼光能股份有限公司,(中鋼第一熱軋精整),中鋼光能股份有限公司,中鋼第一熱軋精整,中國鋼鐵股份有限公司,於 2026-05-20 移轉 78.532 MWh
中鋼光能股份有限公司,(中鋼第一熱軋成品倉庫),中鋼光能股份有限公司,中鋼第一熱軋成品倉庫,中國鋼鐵股份有限公司,於 2026-03-05 移轉 274.726 MWh
中鋼光能股份有限公司,(中鋼第一熱軋成品倉庫),中鋼光能股份有限公司,中鋼第一熱軋成品倉庫,中國鋼鐵股份有限公司,於 2026-04-08 移轉 295.168 MWh
中鋼光能股份有限公司,(中鋼第一熱軋成品倉庫),中鋼光能股份有限公司,中鋼第一熱軋成品倉庫,中國鋼鐵股份有限公司,於 2026-05-20 移轉 395.84 MWh
中鋼光能股份有限公司,(中鋼第一熱軋扁鋼胚精整設備&扁鋼胚精整工場),中鋼光能股份有限公司,中鋼第一熱軋扁鋼胚精整設備&扁鋼胚精整工場,中國鋼鐵股份有限公司,於 2026-03-05 移轉 30.947 MWh
中鋼光能股份有限公司,(中鋼第一熱軋扁鋼胚精整設備&扁鋼胚精整工場),中鋼光能股份有限公司,中鋼第一熱軋扁鋼胚精整設備&扁鋼胚精整工場,中國鋼鐵股份有限公司,於 2026-04-08 移轉 33.319 MWh
中鋼光能股份有限公司,(中鋼第一熱軋扁鋼胚精整設備&扁鋼胚精整工場),中鋼光能股份有限公司,中鋼第一熱軋扁鋼胚精整設備&扁鋼胚精整工場,中國鋼鐵股份有限公司,於 2026-05-20 移轉 43.234 MWh
中鋼光能股份有限公司,(中鋼第一熱軋軋輥&熱軋鋼帶室外冷卻堆置場),中鋼光能股份有限公司,中鋼第一熱軋軋輥&熱軋鋼帶室外冷卻堆置場,中國鋼鐵股份有限公司,於 2026-03-05 移轉 41.619 MWh
中鋼光能股份有限公司,(中鋼第一熱軋軋輥&熱軋鋼帶室外冷卻堆置場),中鋼光能股份有限公司,中鋼第一熱軋軋輥&熱軋鋼帶室外冷卻堆置場,中國鋼鐵股份有限公司,於 2026-04-08 移轉 43.42 MWh
中鋼光能股份有限公司,(中鋼第一熱軋軋輥&熱軋鋼帶室外冷卻堆置場),中鋼光能股份有限公司,中鋼第一熱軋軋輥&熱軋鋼帶室外冷卻堆置場,中國鋼鐵股份有限公司,於 2026-05-20 移轉 55.854 MWh
中鋼光能股份有限公司,(中鋼第一熱軋軋輥&熱軋鋼帶室外冷卻堆置場-增量),中鋼光能股份有限公司,中鋼第一熱軋軋輥&熱軋鋼帶室外冷卻堆置場-增量,中國鋼鐵股份有限公司,於 2026-03-05 移轉 25.912 MWh
中鋼光能股份有限公司,(中鋼第一熱軋軋輥&熱軋鋼帶室外冷卻堆置場-增量),中鋼光能股份有限公司,中鋼第一熱軋軋輥&熱軋鋼帶室外冷卻堆置場-增量,中國鋼鐵股份有限公司,於 2026-04-08 移轉 26.625 MWh
中鋼光能股份有限公司,(中鋼第一熱軋軋輥&熱軋鋼帶室外冷卻堆置場-增量),中鋼光能股份有限公司,中鋼第一熱軋軋輥&熱軋鋼帶室外冷卻堆置場-增量,中國鋼鐵股份有限公司,於 2026-05-20 移轉 32.752 MWh
中鋼光能股份有限公司,(中鋁軋鋁廠),中鋼光能股份有限公司,中鋁軋鋁廠,中鋼鋁業股份有限公司,於 2026-03-05 移轉 256.685 MWh
中鋼光能股份有限公司,(中鋁軋鋁廠),中鋼光能股份有限公司,中鋁軋鋁廠,中鋼鋁業股份有限公司,於 2026-04-08 移轉 260.599 MWh
中鋼光能股份有限公司,(中鋁軋鋁廠),中鋼光能股份有限公司,中鋁軋鋁廠,中鋼鋁業股份有限公司,於 2026-05-20 移轉 362.981 MWh
中鋼光能股份有限公司,(中聯資室內化儲區),中鋼光能股份有限公司,中聯資室內化儲區,中聯資源股份有限公司,於 2026-03-04 移轉 31.98 MWh
中鋼光能股份有限公司,(中聯資室內化儲區),中鋼光能股份有限公司,中聯資室內化儲區,中聯資源股份有限公司,於 2026-04-01 移轉 27.782 MWh
中鋼光能股份有限公司,(中聯資室內化儲區),中鋼光能股份有限公司,中聯資室內化儲區,中聯資源股份有限公司,於 2026-05-20 移轉 38.184 MWh
中鋼光能股份有限公司,(中聯資著磁料場),中鋼光能股份有限公司,中聯資著磁料場,中聯資源股份有限公司,於 2026-03-04 移轉 5.442 MWh
中鋼光能股份有限公司,(中聯資著磁料場),中鋼光能股份有限公司,中聯資著磁料場,中聯資源股份有限公司,於 2026-04-01 移轉 3.688 MWh
中鋼光能股份有限公司,(中聯資著磁料場),中鋼光能股份有限公司,中聯資著磁料場,中聯資源股份有限公司,於 2026-05-20 移轉 6.487 MWh
中鋼光能股份有限公司,(中龍動力場),中鋼光能股份有限公司,中龍動力場,中龍鋼鐵股份有限公司,於 2026-03-04 移轉 21.66 MWh
中鋼光能股份有限公司,(中龍動力場),中鋼光能股份有限公司,中龍動力場,中龍鋼鐵股份有限公司,於 2026-04-08 移轉 25.798 MWh
中鋼光能股份有限公司,(中龍動力場),中鋼光能股份有限公司,中龍動力場,中龍鋼鐵股份有限公司,於 2026-05-20 移轉 36.18 MWh
中鋼光能股份有限公司,(中龍氧氣廠),中鋼光能股份有限公司,中龍氧氣廠,中龍鋼鐵股份有限公司,於 2026-03-04 移轉 25.614 MWh
中鋼光能股份有限公司,(中龍氧氣廠),中鋼光能股份有限公司,中龍氧氣廠,中龍鋼鐵股份有限公司,於 2026-04-08 移轉 26.539 MWh
中鋼光能股份有限公司,(中龍氧氣廠),中鋼光能股份有限公司,中龍氧氣廠,中龍鋼鐵股份有限公司,於 2026-05-20 移轉 36.33 MWh
中鋼光能股份有限公司,(中龍細石料RC屋頂),中鋼光能股份有限公司,中龍細石料RC屋頂,中龍鋼鐵股份有限公司,於 2026-03-04 移轉 20.708 MWh
中鋼光能股份有限公司,(中龍細石料RC屋頂),中鋼光能股份有限公司,中龍細石料RC屋頂,中龍鋼鐵股份有限公司,於 2026-04-08 移轉 28.863 MWh
中鋼光能股份有限公司,(中龍細石料RC屋頂),中鋼光能股份有限公司,中龍細石料RC屋頂,中龍鋼鐵股份有限公司,於 2026-05-20 移轉 40.68 MWh
中鋼光能股份有限公司,(中龍扁鋼胚儲區),中鋼光能股份有限公司,中龍扁鋼胚儲區,中龍鋼鐵股份有限公司,於 2026-03-04 移轉 67.745 MWh
中鋼光能股份有限公司,(中龍扁鋼胚儲區),中鋼光能股份有限公司,中龍扁鋼胚儲區,中龍鋼鐵股份有限公司,於 2026-04-08 移轉 70.615 MWh
中鋼光能股份有限公司,(中龍扁鋼胚儲區),中鋼光能股份有限公司,中龍扁鋼胚儲區,中龍鋼鐵股份有限公司,於 2026-05-20 移轉 96.294 MWh
中鋼光能股份有限公司,(中龍除礦水電氣室),中鋼光能股份有限公司,中龍除礦水電氣室,中龍鋼鐵股份有限公司,於 2026-03-04 移轉 13.052 MWh
中鋼光能股份有限公司,(中龍除礦水電氣室),中鋼光能股份有限公司,中龍除礦水電氣室,中龍鋼鐵股份有限公司,於 2026-04-08 移轉 15.377 MWh
中鋼光能股份有限公司,(中龍除礦水電氣室),中鋼光能股份有限公司,中龍除礦水電氣室,中龍鋼鐵股份有限公司,於 2026-05-20 移轉 20.452 MWh
中鋼光能股份有限公司,(中鋼成品倉庫88庫),中鋼光能股份有限公司,中鋼成品倉庫88庫,中聯資源股份有限公司,於 2026-03-04 移轉 77.869 MWh
中鋼光能股份有限公司,(中鋼成品倉庫88庫),中鋼光能股份有限公司,中鋼成品倉庫88庫,中聯資源股份有限公司,於 2026-04-01 移轉 82.983 MWh
中鋼光能股份有限公司,(中鋼成品倉庫88庫),中鋼光能股份有限公司,中鋼成品倉庫88庫,中聯資源股份有限公司,於 2026-05-20 移轉 95 MWh
中鋼光能股份有限公司,(中鋼成品倉庫88庫),中鋼光能股份有限公司,中鋼成品倉庫88庫,華新麗華股份有限公司,於 2026-03-04 移轉 0.5 MWh
中鋼光能股份有限公司,(中鋼成品倉庫88庫),中鋼光能股份有限公司,中鋼成品倉庫88庫,華新麗華股份有限公司,於 2026-04-01 移轉 0.5 MWh
中鋼光能股份有限公司,(中鋼成品倉庫88庫),中鋼光能股份有限公司,中鋼成品倉庫88庫,華新麗華股份有限公司,於 2026-05-20 移轉 0.5 MWh
中鋼光能股份有限公司,(中鴻鹿港廠),中鋼光能股份有限公司,中鴻鹿港廠,中鴻鋼鐵股份有限公司,於 2026-03-04 移轉 310.236 MWh
中鋼光能股份有限公司,(中鴻鹿港廠),中鋼光能股份有限公司,中鴻鹿港廠,中鴻鋼鐵股份有限公司,於 2026-04-01 移轉 354.947 MWh
中鋼光能股份有限公司,(中鴻鹿港廠),中鋼光能股份有限公司,中鴻鹿港廠,中鴻鋼鐵股份有限公司,於 2026-05-20 移轉 485.32 MWh
中鋼光能股份有限公司,(中鋼永光儲區),中鋼光能股份有限公司,中鋼永光儲區,中鋼鋁業股份有限公司,於 2026-05-13 移轉 188.782 MWh
中鋼光能股份有限公司,(中鋼永光儲區),中鋼光能股份有限公司,中鋼永光儲區,中鋼鋁業股份有限公司,於 2026-05-20 移轉 260.23 MWh
中鋼光能股份有限公司,(中鋼永光儲區),中鋼光能股份有限公司,中鋼永光儲區,華新麗華股份有限公司,於 2026-03-04 移轉 1 MWh
中鋼光能股份有限公司,(中鴻酸鍍廠),中鋼光能股份有限公司,中鴻酸鍍廠,中鴻鋼鐵股份有限公司,於 2026-03-04 移轉 87.064 MWh
中鋼光能股份有限公司,(中鴻酸鍍廠),中鋼光能股份有限公司,中鴻酸鍍廠,中鴻鋼鐵股份有限公司,於 2026-04-01 移轉 92.779 MWh
中鋼光能股份有限公司,(中鴻酸鍍廠),中鋼光能股份有限公司,中鴻酸鍍廠,中鴻鋼鐵股份有限公司,於 2026-05-20 移轉 125.567 MWh
中鋼光能股份有限公司,(中龍中心倉庫),中鋼光能股份有限公司,中龍中心倉庫,華新麗華股份有限公司,於 2026-03-18 移轉 70.799 MWh
中鋼光能股份有限公司,(中龍中心倉庫),中鋼光能股份有限公司,中龍中心倉庫,華新麗華股份有限公司,於 2026-05-13 移轉 76.364 MWh
中鋼光能股份有限公司,(中龍中心倉庫),中鋼光能股份有限公司,中龍中心倉庫,華新麗華股份有限公司,於 2026-05-20 移轉 4.036 MWh
中鋼光能股份有限公司,(中龍扁鋼胚連鑄維護廠房),中鋼光能股份有限公司,中龍扁鋼胚連鑄維護廠房,中龍鋼鐵股份有限公司,於 2026-03-04 移轉 15.783 MWh
中鋼光能股份有限公司,(中龍扁鋼胚連鑄維護廠房),中鋼光能股份有限公司,中龍扁鋼胚連鑄維護廠房,中龍鋼鐵股份有限公司,於 2026-04-08 移轉 16.335 MWh
中鋼光能股份有限公司,(中龍扁鋼胚連鑄維護廠房),中鋼光能股份有限公司,中龍扁鋼胚連鑄維護廠房,中龍鋼鐵股份有限公司,於 2026-05-20 移轉 21.791 MWh
中鋼光能股份有限公司,(中龍第一原水池),中鋼光能股份有限公司,中龍第一原水池,中龍鋼鐵股份有限公司,於 2026-03-04 移轉 40.194 MWh
中鋼光能股份有限公司,(中龍第一原水池),中鋼光能股份有限公司,中龍第一原水池,中龍鋼鐵股份有限公司,於 2026-04-08 移轉 39.876 MWh
中鋼光能股份有限公司,(中龍第一原水池),中鋼光能股份有限公司,中龍第一原水池,中龍鋼鐵股份有限公司,於 2026-05-20 移轉 59.327 MWh
中鋼光能股份有限公司,(中龍熱軋主電氣室),中鋼光能股份有限公司,中龍熱軋主電氣室,中龍鋼鐵股份有限公司,於 2026-03-04 移轉 13.531 MWh
中鋼光能股份有限公司,(中龍熱軋主電氣室),中鋼光能股份有限公司,中龍熱軋主電氣室,中龍鋼鐵股份有限公司,於 2026-04-08 移轉 13.698 MWh
中鋼光能股份有限公司,(中龍熱軋主電氣室),中鋼光能股份有限公司,中龍熱軋主電氣室,中龍鋼鐵股份有限公司,於 2026-05-20 移轉 18.666 MWh
中鋼光能股份有限公司,(中龍煉鐵大樓),中鋼光能股份有限公司,中龍煉鐵大樓,中龍鋼鐵股份有限公司,於 2026-03-04 移轉 5.208 MWh
中鋼光能股份有限公司,(中龍煉鐵大樓),中鋼光能股份有限公司,中龍煉鐵大樓,中龍鋼鐵股份有限公司,於 2026-04-08 移轉 7.847 MWh
中鋼光能股份有限公司,(中龍煉鐵大樓),中鋼光能股份有限公司,中龍煉鐵大樓,中龍鋼鐵股份有限公司,於 2026-05-20 移轉 11.39 MWh
中鋼光能股份有限公司,(中龍室內備品儲區及耐火材料倉庫),中鋼光能股份有限公司,中龍室內備品儲區及耐火材料倉庫,中龍鋼鐵股份有限公司,於 2026-03-04 移轉 48.023 MWh
中鋼光能股份有限公司,(中龍室內備品儲區及耐火材料倉庫),中鋼光能股份有限公司,中龍室內備品儲區及耐火材料倉庫,中龍鋼鐵股份有限公司,於 2026-04-08 移轉 52.745 MWh
中鋼光能股份有限公司,(中龍室內備品儲區及耐火材料倉庫),中鋼光能股份有限公司,中龍室內備品儲區及耐火材料倉庫,中龍鋼鐵股份有限公司,於 2026-05-20 移轉 69.82 MWh
中鋼光能股份有限公司,(中龍窄板改切工場及中龍集塵灰倉庫),中鋼光能股份有限公司,中龍窄板改切工場及中龍集塵灰倉庫,中龍鋼鐵股份有限公司,於 2026-03-04 移轉 108.61 MWh
中鋼光能股份有限公司,(中龍窄板改切工場及中龍集塵灰倉庫),中鋼光能股份有限公司,中龍窄板改切工場及中龍集塵灰倉庫,中龍鋼鐵股份有限公司,於 2026-04-08 移轉 118.284 MWh
中鋼光能股份有限公司,(中龍窄板改切工場及中龍集塵灰倉庫),中鋼光能股份有限公司,中龍窄板改切工場及中龍集塵灰倉庫,中龍鋼鐵股份有限公司,於 2026-05-20 移轉 167.43 MWh
中鋼光能股份有限公司,(中碳屏南試驗工廠),中鋼光能股份有限公司,中碳屏南試驗工廠,中鋼碳素化學股份有限公司,於 2026-03-04 移轉 27.151 MWh
中鋼光能股份有限公司,(中碳屏南試驗工廠),中鋼光能股份有限公司,中碳屏南試驗工廠,中鋼碳素化學股份有限公司,於 2026-04-08 移轉 27.817 MWh
中鋼光能股份有限公司,(中碳屏南試驗工廠),中鋼光能股份有限公司,中碳屏南試驗工廠,中鋼碳素化學股份有限公司,於 2026-05-20 移轉 36.013 MWh
中鋼光能股份有限公司,(中碳屏南生產工廠),中鋼光能股份有限公司,中碳屏南生產工廠,中鋼碳素化學股份有限公司,於 2026-03-04 移轉 39.523 MWh
中鋼光能股份有限公司,(中碳屏南生產工廠),中鋼光能股份有限公司,中碳屏南生產工廠,中鋼碳素化學股份有限公司,於 2026-04-08 移轉 40.246 MWh
中鋼光能股份有限公司,(中碳屏南生產工廠),中鋼光能股份有限公司,中碳屏南生產工廠,中鋼碳素化學股份有限公司,於 2026-05-20 移轉 52.796 MWh
中鋼光能股份有限公司,(中聯資中港廠RC屋頂),中鋼光能股份有限公司,中聯資中港廠RC屋頂,中聯資源股份有限公司,於 2026-03-04 移轉 3.385 MWh
中鋼光能股份有限公司,(中聯資中港廠RC屋頂),中鋼光能股份有限公司,中聯資中港廠RC屋頂,中聯資源股份有限公司,於 2026-04-01 移轉 3.532 MWh
中鋼光能股份有限公司,(中聯資中港廠RC屋頂),中鋼光能股份有限公司,中聯資中港廠RC屋頂,中聯資源股份有限公司,於 2026-05-20 移轉 4.7 MWh
中鋼光能股份有限公司,(中聯資南堤廠),中鋼光能股份有限公司,中聯資南堤廠,中聯資源股份有限公司,於 2026-03-04 移轉 32.165 MWh
中鋼光能股份有限公司,(中聯資南堤廠),中鋼光能股份有限公司,中聯資南堤廠,中聯資源股份有限公司,於 2026-04-01 移轉 36.855 MWh
中鋼光能股份有限公司,(中聯資南堤廠),中鋼光能股份有限公司,中聯資南堤廠,中聯資源股份有限公司,於 2026-05-20 移轉 50.014 MWh
中鋼光能股份有限公司,(中聯資中港廠),中鋼光能股份有限公司,中聯資中港廠,中聯資源股份有限公司,於 2026-03-04 移轉 25.322 MWh
中鋼光能股份有限公司,(中聯資中港廠),中鋼光能股份有限公司,中聯資中港廠,中聯資源股份有限公司,於 2026-04-01 移轉 27.733 MWh
中鋼光能股份有限公司,(中聯資中港廠),中鋼光能股份有限公司,中聯資中港廠,中聯資源股份有限公司,於 2026-05-20 移轉 37.026 MWh
中鋼光能股份有限公司,(興達海基),中鋼光能股份有限公司,興達海基,華新麗華股份有限公司,於 2026-03-18 移轉 279.8 MWh
中鋼光能股份有限公司,(興達海基),中鋼光能股份有限公司,興達海基,華新麗華股份有限公司,於 2026-05-13 移轉 307.756 MWh
中鋼光能股份有限公司,(興達海基),中鋼光能股份有限公司,興達海基,華新麗華股份有限公司,於 2026-05-20 移轉 389.367 MWh
中鋼光能股份有限公司,(興達海基電氣倉庫),中鋼光能股份有限公司,興達海基電氣倉庫,華新麗華股份有限公司,於 2026-03-18 移轉 17.163 MWh
中鋼光能股份有限公司,(興達海基電氣倉庫),中鋼光能股份有限公司,興達海基電氣倉庫,華新麗華股份有限公司,於 2026-05-13 移轉 17.748 MWh
中鋼光能股份有限公司,(興達海基電氣倉庫),中鋼光能股份有限公司,興達海基電氣倉庫,華新麗華股份有限公司,於 2026-05-20 移轉 24.308 MWh
中鋼光能股份有限公司,(中能資中林儲區),中鋼光能股份有限公司,中能資中林儲區,華新麗華股份有限公司,於 2026-03-04 移轉 1 MWh
中鋼光能股份有限公司,(中鋼南站80000T原水池&VC-1F03原水池-2),中鋼光能股份有限公司,中鋼南站80000T原水池&VC-1F03原水池-2,中國鋼鐵股份有限公司,於 2026-03-05 移轉 65.382 MWh
中鋼光能股份有限公司,(中鋼南站80000T原水池&VC-1F03原水池-2),中鋼光能股份有限公司,中鋼南站80000T原水池&VC-1F03原水池-2,中國鋼鐵股份有限公司,於 2026-04-08 移轉 63.643 MWh
中鋼光能股份有限公司,(中鋼南站80000T原水池&VC-1F03原水池-2),中鋼光能股份有限公司,中鋼南站80000T原水池&VC-1F03原水池-2,中國鋼鐵股份有限公司,於 2026-05-20 移轉 100.361 MWh
中鋼光能股份有限公司,(中龍熱軋軋輥廠房),中鋼光能股份有限公司,中龍熱軋軋輥廠房,中龍鋼鐵股份有限公司,於 2026-03-04 移轉 30.849 MWh
中鋼光能股份有限公司,(中龍熱軋軋輥廠房),中鋼光能股份有限公司,中龍熱軋軋輥廠房,中龍鋼鐵股份有限公司,於 2026-04-08 移轉 32.665 MWh
中鋼光能股份有限公司,(中龍熱軋軋輥廠房),中鋼光能股份有限公司,中龍熱軋軋輥廠房,中龍鋼鐵股份有限公司,於 2026-05-20 移轉 45.274 MWh
中鋼光能股份有限公司,(中龍熱軋精整廠房及中龍型鋼成品H4庫),中鋼光能股份有限公司,中龍熱軋精整廠房及中龍型鋼成品H4庫,中龍鋼鐵股份有限公司,於 2026-03-04 移轉 153.71 MWh
中鋼光能股份有限公司,(中龍熱軋精整廠房及中龍型鋼成品H4庫),中鋼光能股份有限公司,中龍熱軋精整廠房及中龍型鋼成品H4庫,中龍鋼鐵股份有限公司,於 2026-04-08 移轉 162.819 MWh
中鋼光能股份有限公司,(中龍熱軋精整廠房及中龍型鋼成品H4庫),中鋼光能股份有限公司,中龍熱軋精整廠房及中龍型鋼成品H4庫,中龍鋼鐵股份有限公司,於 2026-05-20 移轉 224.908 MWh
中鋼光能股份有限公司,(中龍熱軋成品倉庫D7+D3),中鋼光能股份有限公司,中龍熱軋成品倉庫D7+D3,中龍鋼鐵股份有限公司,於 2026-03-04 移轉 158.979 MWh
中鋼光能股份有限公司,(中龍熱軋成品倉庫D7+D3),中鋼光能股份有限公司,中龍熱軋成品倉庫D7+D3,中龍鋼鐵股份有限公司,於 2026-04-08 移轉 166.395 MWh
中鋼光能股份有限公司,(中龍熱軋成品倉庫D7+D3),中鋼光能股份有限公司,中龍熱軋成品倉庫D7+D3,中龍鋼鐵股份有限公司,於 2026-05-20 移轉 223.322 MWh
亞惟股份有限公司,(PD2037),亞惟股份有限公司,PD2037,台灣大哥大股份有限公司,於 2026-03-18 移轉 306.852 MWh
亞惟股份有限公司,(PD2037),亞惟股份有限公司,PD2037,台灣大哥大股份有限公司,於 2026-04-22 移轉 294.97 MWh
亞惟股份有限公司,(PD2037),亞惟股份有限公司,PD2037,台灣大哥大股份有限公司,於 2026-05-20 移轉 434.098 MWh
傑傅能源股份有限公司,智捷能源股份有限公司(埔心鄉第六、第八公墓設置太陽光電發電系統（含遷葬整地）標租案-梧鳳段 1087地號),傑傅能源股份有限公司,埔心鄉第六、第八公墓設置太陽光電發電系統（含遷葬整地）標租案-梧鳳段 1087地號,台灣積體電路製造股份有限公司,於 2026-04-29 移轉 37.14 MWh
傑傅能源股份有限公司,智捷能源股份有限公司(埔心鄉第六、第八公墓設置太陽光電發電系統（含遷葬整地）標租案-梧鳳段 1087地號),傑傅能源股份有限公司,埔心鄉第六、第八公墓設置太陽光電發電系統（含遷葬整地）標租案-梧鳳段 1087地號,台灣積體電路製造股份有限公司,於 2026-05-13 移轉 285.328 MWh
傑傅能源股份有限公司,智捷能源股份有限公司(埔心鄉第六、第八公墓設置太陽光電發電系統（含遷葬整地）標租案-梧鳳段 1087地號),傑傅能源股份有限公司,埔心鄉第六、第八公墓設置太陽光電發電系統（含遷葬整地）標租案-梧鳳段 1087地號,台灣積體電路製造股份有限公司,於 2026-05-20 移轉 65.354 MWh
傑傅能源股份有限公司,智捷能源股份有限公司(埤頭鄉設置太陽光電發電系統電廠_和豐段932.935.936地號),傑傅能源股份有限公司,埤頭鄉設置太陽光電發電系統電廠_和豐段932.935.936地號,台灣積體電路製造股份有限公司,於 2026-04-29 移轉 7.618 MWh
傑傅能源股份有限公司,智捷能源股份有限公司(埤頭鄉設置太陽光電發電系統電廠_和豐段932.935.936地號),傑傅能源股份有限公司,埤頭鄉設置太陽光電發電系統電廠_和豐段932.935.936地號,台灣積體電路製造股份有限公司,於 2026-05-13 移轉 46.705 MWh
傑傅能源股份有限公司,智捷能源股份有限公司(埤頭鄉設置太陽光電發電系統電廠_和豐段932.935.936地號),傑傅能源股份有限公司,埤頭鄉設置太陽光電發電系統電廠_和豐段932.935.936地號,台灣積體電路製造股份有限公司,於 2026-05-20 移轉 34.744 MWh
傑傅能源股份有限公司,智捷能源股份有限公司(埔心鄉第六、第八公墓設置太陽光電發電系統（含遷葬整地）標租案-羅厝段427、440地號),傑傅能源股份有限公司,埔心鄉第六、第八公墓設置太陽光電發電系統（含遷葬整地）標租案-羅厝段427、440地號,台灣積體電路製造股份有限公司,於 2026-04-01 移轉 26.351 MWh
傑傅能源股份有限公司,智捷能源股份有限公司(埔心鄉第六、第八公墓設置太陽光電發電系統（含遷葬整地）標租案-羅厝段427、440地號),傑傅能源股份有限公司,埔心鄉第六、第八公墓設置太陽光電發電系統（含遷葬整地）標租案-羅厝段427、440地號,台灣積體電路製造股份有限公司,於 2026-04-29 移轉 27.291 MWh
傑傅能源股份有限公司,祥晉新能源有限公司(大村鄉公有市場太陽能發電設備_大智二街21號),傑傅能源股份有限公司,大村鄉公有市場太陽能發電設備_大智二街21號,台灣積體電路製造股份有限公司,於 2026-04-01 移轉 15.864 MWh
傑傅能源股份有限公司,祥晉新能源有限公司(大村鄉公有市場太陽能發電設備_大智二街21號),傑傅能源股份有限公司,大村鄉公有市場太陽能發電設備_大智二街21號,台灣積體電路製造股份有限公司,於 2026-04-29 移轉 16.028 MWh
傑傅能源股份有限公司,千賀機械有限公司(神岡區太陽光電發電系統-千賀機械),傑傅能源股份有限公司,神岡區太陽光電發電系統-千賀機械,台灣積體電路製造股份有限公司,於 2026-04-01 移轉 34.781 MWh
傑傅能源股份有限公司,千賀機械有限公司(神岡區太陽光電發電系統-千賀機械),傑傅能源股份有限公司,神岡區太陽光電發電系統-千賀機械,台灣積體電路製造股份有限公司,於 2026-04-29 移轉 35.977 MWh
傑傅能源股份有限公司,"智捷能源股份有限公司(同均停車場太陽光電發電系統-台南市南區龍岡段251,256,257地號)",傑傅能源股份有限公司,"同均停車場太陽光電發電系統-台南市南區龍岡段251,256,257地號",台灣積體電路製造股份有限公司,於 2026-04-01 移轉 88.891 MWh
傑傅能源股份有限公司,"智捷能源股份有限公司(同均停車場太陽光電發電系統-台南市南區龍岡段251,256,257地號)",傑傅能源股份有限公司,"同均停車場太陽光電發電系統-台南市南區龍岡段251,256,257地號",台灣積體電路製造股份有限公司,於 2026-04-29 移轉 79.608 MWh
傑傅能源股份有限公司,智捷能源股份有限公司(桃園市大園區太陽光電發電系統電廠標租案_客運一段30地號),傑傅能源股份有限公司,桃園市大園區太陽光電發電系統電廠標租案_客運一段30地號,台灣積體電路製造股份有限公司,於 2026-04-01 移轉 52.846 MWh
傑傅能源股份有限公司,智捷能源股份有限公司(桃園市大園區太陽光電發電系統電廠標租案_客運一段30地號),傑傅能源股份有限公司,桃園市大園區太陽光電發電系統電廠標租案_客運一段30地號,台灣積體電路製造股份有限公司,於 2026-04-29 移轉 56.683 MWh
傑傅能源股份有限公司,智捷能源股份有限公司(高雄民族國小一期太陽能發電設備_三民區平等路197號),傑傅能源股份有限公司,高雄民族國小一期太陽能發電設備_三民區平等路197號,台灣積體電路製造股份有限公司,於 2026-04-01 移轉 27.742 MWh
傑傅能源股份有限公司,智捷能源股份有限公司(高雄民族國小一期太陽能發電設備_三民區平等路197號),傑傅能源股份有限公司,高雄民族國小一期太陽能發電設備_三民區平等路197號,台灣積體電路製造股份有限公司,於 2026-04-29 移轉 32.39 MWh
傑傅能源股份有限公司,智捷能源股份有限公司(高雄民族國小二期太陽能發電設備_三民區平等路197號),傑傅能源股份有限公司,高雄民族國小二期太陽能發電設備_三民區平等路197號,台灣積體電路製造股份有限公司,於 2026-04-01 移轉 11.348 MWh
傑傅能源股份有限公司,智捷能源股份有限公司(高雄民族國小二期太陽能發電設備_三民區平等路197號),傑傅能源股份有限公司,高雄民族國小二期太陽能發電設備_三民區平等路197號,台灣積體電路製造股份有限公司,於 2026-04-29 移轉 11.585 MWh
傑傅能源股份有限公司,佳煌科技有限公司(岡山區龍耀太陽能發電設備_岡山區大德一路181號),傑傅能源股份有限公司,岡山區龍耀太陽能發電設備_岡山區大德一路181號,台灣積體電路製造股份有限公司,於 2026-04-01 移轉 14.986 MWh
傑傅能源股份有限公司,佳煌科技有限公司(岡山區龍耀太陽能發電設備_岡山區大德一路181號),傑傅能源股份有限公司,岡山區龍耀太陽能發電設備_岡山區大德一路181號,台灣積體電路製造股份有限公司,於 2026-04-29 移轉 16.463 MWh
傑傅能源股份有限公司,智捷能源股份有限公司(政大游泳館太陽能發電設備_文山區指南路二段64號),傑傅能源股份有限公司,政大游泳館太陽能發電設備_文山區指南路二段64號,台灣積體電路製造股份有限公司,於 2026-04-01 移轉 15.04 MWh
傑傅能源股份有限公司,智捷能源股份有限公司(政大游泳館太陽能發電設備_文山區指南路二段64號),傑傅能源股份有限公司,政大游泳館太陽能發電設備_文山區指南路二段64號,台灣積體電路製造股份有限公司,於 2026-04-29 移轉 16.286 MWh
傑傅能源股份有限公司,智捷能源股份有限公司(政大行政大樓太陽能發電設備_文山區指南路二段64號),傑傅能源股份有限公司,政大行政大樓太陽能發電設備_文山區指南路二段64號,台灣積體電路製造股份有限公司,於 2026-04-01 移轉 16.557 MWh
傑傅能源股份有限公司,智捷能源股份有限公司(政大行政大樓太陽能發電設備_文山區指南路二段64號),傑傅能源股份有限公司,政大行政大樓太陽能發電設備_文山區指南路二段64號,台灣積體電路製造股份有限公司,於 2026-04-29 移轉 18.611 MWh
傑傅能源股份有限公司,智捷能源股份有限公司(宏銓太陽能發電設備_烏日區溪福路1巷110弄139號),傑傅能源股份有限公司,宏銓太陽能發電設備_烏日區溪福路1巷110弄139號,台灣積體電路製造股份有限公司,於 2026-04-01 移轉 18.51 MWh
傑傅能源股份有限公司,智捷能源股份有限公司(宏銓太陽能發電設備_烏日區溪福路1巷110弄139號),傑傅能源股份有限公司,宏銓太陽能發電設備_烏日區溪福路1巷110弄139號,台灣積體電路製造股份有限公司,於 2026-04-29 移轉 19.649 MWh
傑傅能源股份有限公司,宏佳騰動力科技股份有限公司(山上區太陽光電發電系統-宏佳騰一期/二期),傑傅能源股份有限公司,山上區太陽光電發電系統-宏佳騰一期/二期,台灣積體電路製造股份有限公司,於 2026-04-01 移轉 65.218 MWh
傑傅能源股份有限公司,宏佳騰動力科技股份有限公司(山上區太陽光電發電系統-宏佳騰一期/二期),傑傅能源股份有限公司,山上區太陽光電發電系統-宏佳騰一期/二期,台灣積體電路製造股份有限公司,於 2026-04-29 移轉 72.892 MWh
傑傅能源股份有限公司,宏佳騰動力科技股份有限公司(山上區太陽光電發電系統-宏佳騰一期/二期),傑傅能源股份有限公司,山上區太陽光電發電系統-宏佳騰一期/二期,泰田實業股份有限公司,於 2026-04-01 移轉 16.408 MWh
傑傅能源股份有限公司,宏佳騰動力科技股份有限公司(山上區太陽光電發電系統-宏佳騰一期/二期),傑傅能源股份有限公司,山上區太陽光電發電系統-宏佳騰一期/二期,泰田實業股份有限公司,於 2026-04-29 移轉 16.408 MWh
全利成電力股份有限公司,(全利成2號電廠),全利成電力股份有限公司,全利成2號電廠,李長榮化學工業股份有限公司(大社廠),於 2026-03-04 移轉 100 MWh
全利成電力股份有限公司,(全利成2號電廠),全利成電力股份有限公司,全利成2號電廠,李長榮化學工業股份有限公司(大社廠),於 2026-04-01 移轉 100 MWh
全利成電力股份有限公司,(全利成2號電廠),全利成電力股份有限公司,全利成2號電廠,李長榮化學工業股份有限公司(大社廠),於 2026-05-20 移轉 100 MWh
全利成電力股份有限公司,(全利成2號電廠),全利成電力股份有限公司,全利成2號電廠,李長榮化學工業股份有限公司(高雄廠),於 2026-03-04 移轉 104.419 MWh
全利成電力股份有限公司,(全利成2號電廠),全利成電力股份有限公司,全利成2號電廠,李長榮化學工業股份有限公司(高雄廠),於 2026-04-01 移轉 110 MWh
全利成電力股份有限公司,(全利成2號電廠),全利成電力股份有限公司,全利成2號電廠,李長榮化學工業股份有限公司(高雄廠),於 2026-05-20 移轉 110 MWh
全利成電力股份有限公司,(全利成2號電廠),全利成電力股份有限公司,全利成2號電廠,李長榮科技股份有限公司(銅箔廠),於 2026-03-04 移轉 110 MWh
全利成電力股份有限公司,(全利成2號電廠),全利成電力股份有限公司,全利成2號電廠,李長榮科技股份有限公司(銅箔廠),於 2026-04-01 移轉 110 MWh
全利成電力股份有限公司,(全利成2號電廠),全利成電力股份有限公司,全利成2號電廠,李長榮科技股份有限公司(銅箔廠),於 2026-05-20 移轉 110 MWh
全利成電力股份有限公司,(全利成3號電廠),全利成電力股份有限公司,全利成3號電廠,李長榮化學工業股份有限公司(中科廠),於 2026-03-04 移轉 135.982 MWh
全利成電力股份有限公司,(全利成3號電廠),全利成電力股份有限公司,全利成3號電廠,李長榮化學工業股份有限公司(中科廠),於 2026-04-01 移轉 132.161 MWh
全利成電力股份有限公司,(全利成3號電廠),全利成電力股份有限公司,全利成3號電廠,李長榮化學工業股份有限公司(中科廠),於 2026-05-20 移轉 150 MWh
凌威風力發電股份有限公司,(林口風場),凌威風力發電股份有限公司,林口風場,台灣積體電路製造股份有限公司,於 2026-03-25 移轉 145.597 MWh
凌威風力發電股份有限公司,(林口風場),凌威風力發電股份有限公司,林口風場,台灣積體電路製造股份有限公司,"於 2026-04-01 移轉 1,181.467 MWh"
凌威風力發電股份有限公司,(林口風場),凌威風力發電股份有限公司,林口風場,台灣積體電路製造股份有限公司,於 2026-04-15 移轉 76.7 MWh
凌威風力發電股份有限公司,(林口風場),凌威風力發電股份有限公司,林口風場,台灣積體電路製造股份有限公司,於 2026-04-22 移轉 308.118 MWh
凌威風力發電股份有限公司,(林口風場),凌威風力發電股份有限公司,林口風場,台灣積體電路製造股份有限公司,於 2026-04-29 移轉 817.021 MWh
凌威風力發電股份有限公司,(林口風場),凌威風力發電股份有限公司,林口風場,台灣積體電路製造股份有限公司,"於 2026-05-20 移轉 1,354.848 MWh"
創維風力發電股份有限公司,(創維風場),創維風力發電股份有限公司,創維風場,台灣積體電路製造股份有限公司,於 2026-04-15 移轉 57.136 MWh
創維風力發電股份有限公司,(創維風場),創維風力發電股份有限公司,創維風場,台灣積體電路製造股份有限公司,於 2026-04-22 移轉 536.625 MWh
創維風力發電股份有限公司,(創維風場),創維風力發電股份有限公司,創維風場,台灣積體電路製造股份有限公司,"於 2026-05-20 移轉 5,094.036 MWh"
十萬伏特電力股份有限公司,環台光電股份有限公司(環台光電股份有限公司),十萬伏特電力股份有限公司,環台光電股份有限公司,京元電子股份有限公司銅鑼分公司,於 2026-03-11 移轉 264.168 MWh
十萬伏特電力股份有限公司,環台光電股份有限公司(環台光電股份有限公司),十萬伏特電力股份有限公司,環台光電股份有限公司,京元電子股份有限公司銅鑼分公司,於 2026-04-08 移轉 281.391 MWh
十萬伏特電力股份有限公司,環台光電股份有限公司(環台承煒實業廠房屋頂太陽光電發電廠),十萬伏特電力股份有限公司,環台承煒實業廠房屋頂太陽光電發電廠,華泰電子股份有限公司,於 2026-03-11 移轉 54.551 MWh
十萬伏特電力股份有限公司,環台光電股份有限公司(環台承煒實業廠房屋頂太陽光電發電廠),十萬伏特電力股份有限公司,環台承煒實業廠房屋頂太陽光電發電廠,華泰電子股份有限公司,於 2026-04-01 移轉 56.298 MWh
十萬伏特電力股份有限公司,環台光電股份有限公司(環台南投永新段案地面型太陽光電發電廠),十萬伏特電力股份有限公司,環台南投永新段案地面型太陽光電發電廠,華泰電子股份有限公司,於 2026-03-11 移轉 39.089 MWh
十萬伏特電力股份有限公司,環台光電股份有限公司(環台南投永新段案地面型太陽光電發電廠),十萬伏特電力股份有限公司,環台南投永新段案地面型太陽光電發電廠,華泰電子股份有限公司,於 2026-04-01 移轉 40.993 MWh
十萬伏特電力股份有限公司,環台光電股份有限公司(環台苗栗高埔段案地面型太陽光電發電廠),十萬伏特電力股份有限公司,環台苗栗高埔段案地面型太陽光電發電廠,華泰電子股份有限公司,於 2026-03-11 移轉 130.163 MWh
十萬伏特電力股份有限公司,環台光電股份有限公司(環台苗栗高埔段案地面型太陽光電發電廠),十萬伏特電力股份有限公司,環台苗栗高埔段案地面型太陽光電發電廠,華泰電子股份有限公司,於 2026-04-01 移轉 146.857 MWh
十萬伏特電力股份有限公司,環台光電股份有限公司(五谷岡段),十萬伏特電力股份有限公司,五谷岡段,富鐿實業股份有限公司,於 2026-03-04 移轉 23.619 MWh
十萬伏特電力股份有限公司,環台光電股份有限公司(五谷岡段),十萬伏特電力股份有限公司,五谷岡段,富鐿實業股份有限公司,於 2026-04-01 移轉 25.956 MWh
十萬伏特電力股份有限公司,環台光電股份有限公司(五谷岡段),十萬伏特電力股份有限公司,五谷岡段,富鐿實業股份有限公司,於 2026-05-20 移轉 30.45 MWh
十萬伏特電力股份有限公司,環台光電股份有限公司(屏東農會),十萬伏特電力股份有限公司,屏東農會,墨達思精密工業股份有限公司,於 2026-03-04 移轉 17.811 MWh
十萬伏特電力股份有限公司,環台光電股份有限公司(屏東農會),十萬伏特電力股份有限公司,屏東農會,墨達思精密工業股份有限公司,於 2026-04-01 移轉 18.391 MWh
十萬伏特電力股份有限公司,環台光電股份有限公司(屏東農會),十萬伏特電力股份有限公司,屏東農會,墨達思精密工業股份有限公司,於 2026-05-20 移轉 23.291 MWh
十萬伏特電力股份有限公司,環台光電股份有限公司(京元電子銅鑼廠),十萬伏特電力股份有限公司,京元電子銅鑼廠,頎邦科技股份有限公司,於 2026-03-11 移轉 2.479 MWh
十萬伏特電力股份有限公司,環台光電股份有限公司(京元電子銅鑼廠),十萬伏特電力股份有限公司,京元電子銅鑼廠,合晶科技股份有限公司楊梅分公司,於 2026-03-05 移轉 46.918 MWh
十萬伏特電力股份有限公司,環台光電股份有限公司(京元電子銅鑼廠),十萬伏特電力股份有限公司,京元電子銅鑼廠,合晶科技股份有限公司楊梅分公司,於 2026-04-01 移轉 57.237 MWh
十萬伏特電力股份有限公司,環台光電股份有限公司(京元電子銅鑼廠),十萬伏特電力股份有限公司,京元電子銅鑼廠,合晶科技股份有限公司楊梅分公司,於 2026-05-20 移轉 83.958 MWh
十萬伏特電力股份有限公司,環台光電股份有限公司(京元電子銅鑼廠),十萬伏特電力股份有限公司,京元電子銅鑼廠,利奇機械工業股份有限公司,於 2026-03-05 移轉 4.303 MWh
十萬伏特電力股份有限公司,環台光電股份有限公司(京元電子銅鑼廠),十萬伏特電力股份有限公司,京元電子銅鑼廠,合晶科技股份有限公司,於 2026-03-05 移轉 101.382 MWh
十萬伏特電力股份有限公司,環台光電股份有限公司(京元電子銅鑼廠),十萬伏特電力股份有限公司,京元電子銅鑼廠,合晶科技股份有限公司,於 2026-04-01 移轉 117.865 MWh
十萬伏特電力股份有限公司,環台光電股份有限公司(京元電子銅鑼廠),十萬伏特電力股份有限公司,京元電子銅鑼廠,合晶科技股份有限公司,於 2026-05-20 移轉 130.871 MWh
十萬伏特電力股份有限公司,金江太陽能有限公司(屏東車城),十萬伏特電力股份有限公司,屏東車城,京元電子股份有限公司銅鑼分公司,於 2026-03-11 移轉 253.123 MWh
十萬伏特電力股份有限公司,金江太陽能有限公司(屏東車城),十萬伏特電力股份有限公司,屏東車城,京元電子股份有限公司銅鑼分公司,於 2026-04-08 移轉 275.148 MWh
十萬伏特電力股份有限公司,金江太陽能有限公司(屏東車城),十萬伏特電力股份有限公司,屏東車城,京元電子股份有限公司銅鑼分公司,於 2026-05-20 移轉 331.52 MWh
十萬伏特電力股份有限公司,環台光電股份有限公司(苙億),十萬伏特電力股份有限公司,苙億,鋐光實業股份有限公司,於 2026-03-05 移轉 30.748 MWh
十萬伏特電力股份有限公司,環台光電股份有限公司(苙億),十萬伏特電力股份有限公司,苙億,鋐光實業股份有限公司,於 2026-04-01 移轉 32.641 MWh
十萬伏特電力股份有限公司,環台光電股份有限公司(苙億),十萬伏特電力股份有限公司,苙億,鋐光實業股份有限公司,於 2026-05-20 移轉 42.014 MWh
十萬伏特電力股份有限公司,環台光電股份有限公司(久津實業),十萬伏特電力股份有限公司,久津實業,鋐光實業股份有限公司,於 2026-03-05 移轉 29.026 MWh
十萬伏特電力股份有限公司,環台光電股份有限公司(久津實業),十萬伏特電力股份有限公司,久津實業,鋐光實業股份有限公司,於 2026-04-01 移轉 30.665 MWh
十萬伏特電力股份有限公司,環台光電股份有限公司(久津實業),十萬伏特電力股份有限公司,久津實業,鋐光實業股份有限公司,於 2026-05-20 移轉 39.543 MWh
十萬伏特電力股份有限公司,環台光電股份有限公司(台勵福),十萬伏特電力股份有限公司,台勵福,華泰電子股份有限公司,於 2026-03-11 移轉 63.527 MWh
十萬伏特電力股份有限公司,環台光電股份有限公司(台勵福),十萬伏特電力股份有限公司,台勵福,華泰電子股份有限公司,於 2026-04-01 移轉 66.766 MWh
十萬伏特電力股份有限公司,環台光電股份有限公司(屏東頂柳段園區),十萬伏特電力股份有限公司,屏東頂柳段園區,頎邦科技股份有限公司,於 2026-03-11 移轉 0.892 MWh
十萬伏特電力股份有限公司,環台光電股份有限公司(屏東頂柳段園區),十萬伏特電力股份有限公司,屏東頂柳段園區,合晶科技股份有限公司楊梅分公司,於 2026-03-05 移轉 8.622 MWh
十萬伏特電力股份有限公司,環台光電股份有限公司(屏東頂柳段園區),十萬伏特電力股份有限公司,屏東頂柳段園區,合晶科技股份有限公司楊梅分公司,於 2026-04-01 移轉 9.711 MWh
十萬伏特電力股份有限公司,環台光電股份有限公司(屏東頂柳段園區),十萬伏特電力股份有限公司,屏東頂柳段園區,合晶科技股份有限公司楊梅分公司,於 2026-05-20 移轉 16.063 MWh
十萬伏特電力股份有限公司,環台光電股份有限公司(屏東頂柳段園區),十萬伏特電力股份有限公司,屏東頂柳段園區,利奇機械工業股份有限公司,於 2026-03-05 移轉 0.768 MWh
十萬伏特電力股份有限公司,環台光電股份有限公司(屏東頂柳段園區),十萬伏特電力股份有限公司,屏東頂柳段園區,合晶科技股份有限公司,於 2026-03-05 移轉 18.66 MWh
十萬伏特電力股份有限公司,環台光電股份有限公司(屏東頂柳段園區),十萬伏特電力股份有限公司,屏東頂柳段園區,合晶科技股份有限公司,於 2026-04-01 移轉 20.091 MWh
十萬伏特電力股份有限公司,環台光電股份有限公司(屏東頂柳段園區),十萬伏特電力股份有限公司,屏東頂柳段園區,合晶科技股份有限公司,於 2026-05-20 移轉 24.531 MWh
十萬伏特電力股份有限公司,環台光電股份有限公司(曼黛瑪璉),十萬伏特電力股份有限公司,曼黛瑪璉,頎邦科技股份有限公司,於 2026-03-11 移轉 0.629 MWh
十萬伏特電力股份有限公司,環台光電股份有限公司(曼黛瑪璉),十萬伏特電力股份有限公司,曼黛瑪璉,合晶科技股份有限公司楊梅分公司,於 2026-03-05 移轉 6.828 MWh
十萬伏特電力股份有限公司,環台光電股份有限公司(曼黛瑪璉),十萬伏特電力股份有限公司,曼黛瑪璉,合晶科技股份有限公司楊梅分公司,於 2026-04-01 移轉 7.922 MWh
十萬伏特電力股份有限公司,環台光電股份有限公司(曼黛瑪璉),十萬伏特電力股份有限公司,曼黛瑪璉,合晶科技股份有限公司楊梅分公司,於 2026-05-20 移轉 11.928 MWh
十萬伏特電力股份有限公司,環台光電股份有限公司(曼黛瑪璉),十萬伏特電力股份有限公司,曼黛瑪璉,利奇機械工業股份有限公司,於 2026-03-05 移轉 0.628 MWh
十萬伏特電力股份有限公司,環台光電股份有限公司(曼黛瑪璉),十萬伏特電力股份有限公司,曼黛瑪璉,合晶科技股份有限公司,於 2026-03-05 移轉 14.743 MWh
十萬伏特電力股份有限公司,環台光電股份有限公司(曼黛瑪璉),十萬伏特電力股份有限公司,曼黛瑪璉,合晶科技股份有限公司,於 2026-04-01 移轉 16.369 MWh
十萬伏特電力股份有限公司,環台光電股份有限公司(曼黛瑪璉),十萬伏特電力股份有限公司,曼黛瑪璉,合晶科技股份有限公司,於 2026-05-20 移轉 19.543 MWh
十萬伏特電力股份有限公司,環台光電股份有限公司(屏東里港牧場),十萬伏特電力股份有限公司,屏東里港牧場,二億企業股份有限公司,於 2026-03-18 移轉 38.326 MWh
十萬伏特電力股份有限公司,環台光電股份有限公司(屏東里港牧場),十萬伏特電力股份有限公司,屏東里港牧場,二億企業股份有限公司,於 2026-04-22 移轉 38.328 MWh
十萬伏特電力股份有限公司,環台光電股份有限公司(屏東里港牧場),十萬伏特電力股份有限公司,屏東里港牧場,二億企業股份有限公司,於 2026-05-20 移轉 51.173 MWh
十萬伏特電力股份有限公司,環台光電股份有限公司(頭屋鄉二岡坪段),十萬伏特電力股份有限公司,頭屋鄉二岡坪段,二億企業股份有限公司,於 2026-04-22 移轉 37.047 MWh
十萬伏特電力股份有限公司,環台光電股份有限公司(東勢殯儀館(地面)),十萬伏特電力股份有限公司,東勢殯儀館(地面),華泰電子股份有限公司,於 2026-03-11 移轉 1.492 MWh
十萬伏特電力股份有限公司,環台光電股份有限公司(東勢殯儀館(地面)),十萬伏特電力股份有限公司,東勢殯儀館(地面),華泰電子股份有限公司,於 2026-04-01 移轉 1.538 MWh
十萬伏特電力股份有限公司,環台光電股份有限公司(東勢殯儀館),十萬伏特電力股份有限公司,東勢殯儀館,華泰電子股份有限公司,於 2026-03-11 移轉 12.845 MWh
十萬伏特電力股份有限公司,環台光電股份有限公司(東勢殯儀館),十萬伏特電力股份有限公司,東勢殯儀館,華泰電子股份有限公司,於 2026-04-01 移轉 13.042 MWh
十萬伏特電力股份有限公司,環台光電股份有限公司(旭光國小),十萬伏特電力股份有限公司,旭光國小,華泰電子股份有限公司,於 2026-03-18 移轉 42.253 MWh
十萬伏特電力股份有限公司,環台光電股份有限公司(旭光國小),十萬伏特電力股份有限公司,旭光國小,華泰電子股份有限公司,於 2026-04-01 移轉 45.638 MWh
十萬伏特電力股份有限公司,環台光電股份有限公司(宜寧中學第三期),十萬伏特電力股份有限公司,宜寧中學第三期,華泰電子股份有限公司,於 2026-03-11 移轉 29.007 MWh
十萬伏特電力股份有限公司,環台光電股份有限公司(宜寧中學第三期),十萬伏特電力股份有限公司,宜寧中學第三期,華泰電子股份有限公司,於 2026-04-01 移轉 29.94 MWh
十萬伏特電力股份有限公司,環台光電股份有限公司(宜寧中學第四期),十萬伏特電力股份有限公司,宜寧中學第四期,華泰電子股份有限公司,於 2026-03-11 移轉 53.084 MWh
十萬伏特電力股份有限公司,環台光電股份有限公司(宜寧中學第四期),十萬伏特電力股份有限公司,宜寧中學第四期,華泰電子股份有限公司,於 2026-04-01 移轉 2.633 MWh
十萬伏特電力股份有限公司,環台光電股份有限公司(宏昇機械),十萬伏特電力股份有限公司,宏昇機械,華泰電子股份有限公司,於 2026-03-18 移轉 9.344 MWh
十萬伏特電力股份有限公司,環台光電股份有限公司(宏昇機械),十萬伏特電力股份有限公司,宏昇機械,華泰電子股份有限公司,於 2026-04-01 移轉 9.56 MWh
十萬伏特電力股份有限公司,環台光電股份有限公司(正豐工業),十萬伏特電力股份有限公司,正豐工業,鋐光實業股份有限公司,於 2026-03-05 移轉 25.526 MWh
十萬伏特電力股份有限公司,環台光電股份有限公司(正豐工業),十萬伏特電力股份有限公司,正豐工業,鋐光實業股份有限公司,於 2026-04-01 移轉 27.484 MWh
十萬伏特電力股份有限公司,環台光電股份有限公司(正豐工業),十萬伏特電力股份有限公司,正豐工業,鋐光實業股份有限公司,於 2026-05-20 移轉 38.315 MWh
十萬伏特電力股份有限公司,環台光電股份有限公司(彰化和美大嘉),十萬伏特電力股份有限公司,彰化和美大嘉,丁守科技股份有限公司,於 2026-03-05 移轉 11.25 MWh
十萬伏特電力股份有限公司,環台光電股份有限公司(彰化和美大嘉),十萬伏特電力股份有限公司,彰化和美大嘉,丁守企業股份有限公司,於 2026-03-04 移轉 9.448 MWh
十萬伏特電力股份有限公司,環台光電股份有限公司(彰化和美大嘉),十萬伏特電力股份有限公司,彰化和美大嘉,彥豪智能科技股份有限公司,於 2026-04-01 移轉 9.789 MWh
十萬伏特電力股份有限公司,環台光電股份有限公司(彰化和美大嘉),十萬伏特電力股份有限公司,彰化和美大嘉,彥豪智能科技股份有限公司,於 2026-05-20 移轉 27.414 MWh
十萬伏特電力股份有限公司,環台光電股份有限公司(桃園-平鎮羽球館案),十萬伏特電力股份有限公司,桃園-平鎮羽球館案,華泰電子股份有限公司,於 2026-03-11 移轉 10.41 MWh
十萬伏特電力股份有限公司,環台光電股份有限公司(桃園-平鎮羽球館案),十萬伏特電力股份有限公司,桃園-平鎮羽球館案,華泰電子股份有限公司,於 2026-04-01 移轉 10.988 MWh
十萬伏特電力股份有限公司,環台光電股份有限公司(桃園-合晶科技(楊梅廠)案),十萬伏特電力股份有限公司,桃園-合晶科技(楊梅廠)案,華泰電子股份有限公司,於 2026-03-11 移轉 13.819 MWh
十萬伏特電力股份有限公司,環台光電股份有限公司(桃園-合晶科技(楊梅廠)案),十萬伏特電力股份有限公司,桃園-合晶科技(楊梅廠)案,合晶科技股份有限公司楊梅分公司,於 2026-04-01 移轉 4.806 MWh
十萬伏特電力股份有限公司,環台光電股份有限公司(桃園-合晶科技(楊梅廠)案),十萬伏特電力股份有限公司,桃園-合晶科技(楊梅廠)案,合晶科技股份有限公司楊梅分公司,於 2026-05-20 移轉 7.122 MWh
十萬伏特電力股份有限公司,環台光電股份有限公司(桃園-合晶科技(楊梅廠)案),十萬伏特電力股份有限公司,桃園-合晶科技(楊梅廠)案,合晶科技股份有限公司,於 2026-04-01 移轉 9.922 MWh
十萬伏特電力股份有限公司,環台光電股份有限公司(桃園-合晶科技(楊梅廠)案),十萬伏特電力股份有限公司,桃園-合晶科技(楊梅廠)案,合晶科技股份有限公司,於 2026-05-20 移轉 11.808 MWh
十萬伏特電力股份有限公司,環台光電股份有限公司(高雄-頎邦(南一)案),十萬伏特電力股份有限公司,高雄-頎邦(南一)案,華泰電子股份有限公司,於 2026-03-11 移轉 178.157 MWh
十萬伏特電力股份有限公司,環台光電股份有限公司(高雄-頎邦(南一)案),十萬伏特電力股份有限公司,高雄-頎邦(南一)案,華泰電子股份有限公司,於 2026-04-01 移轉 199.179 MWh
十萬伏特電力股份有限公司,環台光電股份有限公司(高雄-鼎紘開發岡山案),十萬伏特電力股份有限公司,高雄-鼎紘開發岡山案,華泰電子股份有限公司,於 2026-03-11 移轉 46.537 MWh
十萬伏特電力股份有限公司,環台光電股份有限公司(高雄-鼎紘開發岡山案),十萬伏特電力股份有限公司,高雄-鼎紘開發岡山案,華泰電子股份有限公司,於 2026-04-01 移轉 47.184 MWh
十萬伏特電力股份有限公司,環台光電股份有限公司(台中-大豐環保案),十萬伏特電力股份有限公司,台中-大豐環保案,華泰電子股份有限公司,於 2026-04-22 移轉 5.93 MWh
十萬伏特電力股份有限公司,環台光電股份有限公司(台中-和大工業(中清廠)案),十萬伏特電力股份有限公司,台中-和大工業(中清廠)案,華泰電子股份有限公司,於 2026-04-22 移轉 55.265 MWh
十萬伏特電力股份有限公司,環台光電股份有限公司(三夏精機一廠案),十萬伏特電力股份有限公司,三夏精機一廠案,華泰電子股份有限公司,於 2026-04-22 移轉 40.023 MWh
十萬伏特電力股份有限公司,環台光電股份有限公司(三夏精機二廠案),十萬伏特電力股份有限公司,三夏精機二廠案,華泰電子股份有限公司,於 2026-04-22 移轉 25.188 MWh
十萬伏特電力股份有限公司,環台光電股份有限公司(大道國中(誠正樓)案),十萬伏特電力股份有限公司,大道國中(誠正樓)案,華泰電子股份有限公司,於 2026-04-22 移轉 16.454 MWh
十萬伏特電力股份有限公司,環台光電股份有限公司(台中-欣榮資產案),十萬伏特電力股份有限公司,台中-欣榮資產案,華泰電子股份有限公司,於 2026-04-22 移轉 27.775 MWh
十萬伏特電力股份有限公司,環台光電股份有限公司(台中-金棠科技案),十萬伏特電力股份有限公司,台中-金棠科技案,華泰電子股份有限公司,於 2026-04-22 移轉 78.118 MWh
十萬伏特電力股份有限公司,環台光電股份有限公司(台中-外埔納骨塔標案),十萬伏特電力股份有限公司,台中-外埔納骨塔標案,華泰電子股份有限公司,於 2026-04-22 移轉 21.139 MWh
十萬伏特電力股份有限公司,環台光電股份有限公司(台中-鋐光實業(外埔廠)案),十萬伏特電力股份有限公司,台中-鋐光實業(外埔廠)案,鋐光實業股份有限公司,於 2026-04-01 移轉 9.134 MWh
十萬伏特電力股份有限公司,環台光電股份有限公司(台中-鋐光實業(外埔廠)案),十萬伏特電力股份有限公司,台中-鋐光實業(外埔廠)案,鋐光實業股份有限公司,於 2026-05-20 移轉 12.84 MWh
十萬伏特電力股份有限公司,環台光電股份有限公司(台中-溪南國中(風雨球場)案),十萬伏特電力股份有限公司,台中-溪南國中(風雨球場)案,華泰電子股份有限公司,於 2026-04-22 移轉 46.038 MWh
十萬伏特電力股份有限公司,環台光電股份有限公司(台中-溪南國中(廚房)案),十萬伏特電力股份有限公司,台中-溪南國中(廚房)案,華泰電子股份有限公司,於 2026-04-22 移轉 6.256 MWh
十萬伏特電力股份有限公司,環台光電股份有限公司(台中-大雅納骨塔標案),十萬伏特電力股份有限公司,台中-大雅納骨塔標案,華泰電子股份有限公司,於 2026-04-22 移轉 42.644 MWh
十萬伏特電力股份有限公司,環台光電股份有限公司(優敏士案),十萬伏特電力股份有限公司,優敏士案,華泰電子股份有限公司,於 2026-03-11 移轉 22.24 MWh
十萬伏特電力股份有限公司,環台光電股份有限公司(優敏士案),十萬伏特電力股份有限公司,優敏士案,華泰電子股份有限公司,於 2026-04-01 移轉 21.643 MWh
十萬伏特電力股份有限公司,環台光電股份有限公司(台南後壁黃阿菊案),十萬伏特電力股份有限公司,台南後壁黃阿菊案,華泰電子股份有限公司,於 2026-03-11 移轉 8.957 MWh
十萬伏特電力股份有限公司,環台光電股份有限公司(台南後壁黃阿菊案),十萬伏特電力股份有限公司,台南後壁黃阿菊案,華泰電子股份有限公司,於 2026-04-01 移轉 9.317 MWh
十萬伏特電力股份有限公司,環台光電股份有限公司(光宇應用材料案),十萬伏特電力股份有限公司,光宇應用材料案,華泰電子股份有限公司,於 2026-03-11 移轉 14.103 MWh
十萬伏特電力股份有限公司,環台光電股份有限公司(光宇應用材料案),十萬伏特電力股份有限公司,光宇應用材料案,華泰電子股份有限公司,於 2026-04-01 移轉 14.964 MWh
十萬伏特電力股份有限公司,南湖大山太陽能有限公司(林坊霞台南白河案),十萬伏特電力股份有限公司,林坊霞台南白河案,彥豪智能科技股份有限公司,於 2026-04-01 移轉 26.45 MWh
十萬伏特電力股份有限公司,南湖大山太陽能有限公司(林坊霞台南白河案),十萬伏特電力股份有限公司,林坊霞台南白河案,彥豪智能科技股份有限公司,於 2026-05-20 移轉 77.187 MWh
十萬伏特電力股份有限公司,環台光電股份有限公司(桃園-合晶科技(龍潭廠)案),十萬伏特電力股份有限公司,桃園-合晶科技(龍潭廠)案,合晶科技股份有限公司楊梅分公司,於 2026-04-01 移轉 5.359 MWh
十萬伏特電力股份有限公司,環台光電股份有限公司(桃園-合晶科技(龍潭廠)案),十萬伏特電力股份有限公司,桃園-合晶科技(龍潭廠)案,合晶科技股份有限公司楊梅分公司,於 2026-05-20 移轉 8.032 MWh
十萬伏特電力股份有限公司,環台光電股份有限公司(桃園-合晶科技(龍潭廠)案),十萬伏特電力股份有限公司,桃園-合晶科技(龍潭廠)案,合晶科技股份有限公司,於 2026-04-01 移轉 11.061 MWh
十萬伏特電力股份有限公司,環台光電股份有限公司(桃園-合晶科技(龍潭廠)案),十萬伏特電力股份有限公司,桃園-合晶科技(龍潭廠)案,合晶科技股份有限公司,於 2026-05-20 移轉 13.247 MWh
十萬伏特電力股份有限公司,環台光電股份有限公司(台中-喬堡藝術鍛造案),十萬伏特電力股份有限公司,台中-喬堡藝術鍛造案,華泰電子股份有限公司,於 2026-04-22 移轉 19.423 MWh
十萬伏特電力股份有限公司,環台光電股份有限公司(彰化-成興不銹鋼案),十萬伏特電力股份有限公司,彰化-成興不銹鋼案,華泰電子股份有限公司,於 2026-03-11 移轉 9.461 MWh
十萬伏特電力股份有限公司,環台光電股份有限公司(彰化-成興不銹鋼案),十萬伏特電力股份有限公司,彰化-成興不銹鋼案,華泰電子股份有限公司,於 2026-04-01 移轉 9.927 MWh
十萬伏特電力股份有限公司,環台光電股份有限公司(彰化-敦仁醫院案),十萬伏特電力股份有限公司,彰化-敦仁醫院案,華泰電子股份有限公司,於 2026-03-11 移轉 33.008 MWh
十萬伏特電力股份有限公司,環台光電股份有限公司(彰化-敦仁醫院案),十萬伏特電力股份有限公司,彰化-敦仁醫院案,華泰電子股份有限公司,於 2026-04-01 移轉 33.838 MWh
十萬伏特電力股份有限公司,環台光電股份有限公司(彰化-彥豪(二期)案),十萬伏特電力股份有限公司,彰化-彥豪(二期)案,彥豪智能科技股份有限公司,於 2026-03-05 移轉 15.948 MWh
十萬伏特電力股份有限公司,環台光電股份有限公司(彰化-彥豪(二期)案),十萬伏特電力股份有限公司,彰化-彥豪(二期)案,彥豪智能科技股份有限公司,於 2026-04-01 移轉 6.699 MWh
十萬伏特電力股份有限公司,環台光電股份有限公司(彰化-彥豪(二期)案),十萬伏特電力股份有限公司,彰化-彥豪(二期)案,彥豪智能科技股份有限公司,於 2026-05-20 移轉 17.029 MWh
十萬伏特電力股份有限公司,環台光電股份有限公司(彰化-彥豪(三期)案),十萬伏特電力股份有限公司,彰化-彥豪(三期)案,彥豪智能科技股份有限公司,於 2026-03-05 移轉 38.249 MWh
十萬伏特電力股份有限公司,環台光電股份有限公司(彰化-彥豪(三期)案),十萬伏特電力股份有限公司,彰化-彥豪(三期)案,彥豪智能科技股份有限公司,於 2026-04-01 移轉 16.342 MWh
十萬伏特電力股份有限公司,環台光電股份有限公司(彰化-彥豪(三期)案),十萬伏特電力股份有限公司,彰化-彥豪(三期)案,彥豪智能科技股份有限公司,於 2026-05-20 移轉 41.832 MWh
十萬伏特電力股份有限公司,環台光電股份有限公司(彰化-二億案),十萬伏特電力股份有限公司,彰化-二億案,鋐光實業股份有限公司,於 2026-03-11 移轉 30.738 MWh
十萬伏特電力股份有限公司,環台光電股份有限公司(彰化-二億案),十萬伏特電力股份有限公司,彰化-二億案,二億企業股份有限公司,於 2026-04-22 移轉 31.879 MWh
十萬伏特電力股份有限公司,環台光電股份有限公司(彰化-二億案),十萬伏特電力股份有限公司,彰化-二億案,二億企業股份有限公司,於 2026-05-20 移轉 41.917 MWh
十萬伏特電力股份有限公司,環台光電股份有限公司(彰化-弘國竣暘案),十萬伏特電力股份有限公司,彰化-弘國竣暘案,丁守科技股份有限公司,於 2026-03-04 移轉 9.255 MWh
十萬伏特電力股份有限公司,環台光電股份有限公司(彰化-弘國竣暘案),十萬伏特電力股份有限公司,彰化-弘國竣暘案,丁守企業股份有限公司,於 2026-03-04 移轉 7.803 MWh
十萬伏特電力股份有限公司,環台光電股份有限公司(彰化-弘國竣暘案),十萬伏特電力股份有限公司,彰化-弘國竣暘案,彥豪智能科技股份有限公司,於 2026-04-01 移轉 8.735 MWh
十萬伏特電力股份有限公司,環台光電股份有限公司(彰化-弘國竣暘案),十萬伏特電力股份有限公司,彰化-弘國竣暘案,彥豪智能科技股份有限公司,於 2026-05-20 移轉 21.623 MWh
十萬伏特電力股份有限公司,環台光電股份有限公司(彰化-丁守企業(大村廠)案),十萬伏特電力股份有限公司,彰化-丁守企業(大村廠)案,丁守科技股份有限公司,於 2026-03-04 移轉 22.736 MWh
十萬伏特電力股份有限公司,環台光電股份有限公司(彰化-丁守企業(大村廠)案),十萬伏特電力股份有限公司,彰化-丁守企業(大村廠)案,丁守科技股份有限公司,於 2026-04-01 移轉 29.54 MWh
十萬伏特電力股份有限公司,環台光電股份有限公司(彰化-丁守企業(大村廠)案),十萬伏特電力股份有限公司,彰化-丁守企業(大村廠)案,丁守科技股份有限公司,於 2026-05-20 移轉 19.319 MWh
十萬伏特電力股份有限公司,環台光電股份有限公司(彰化-丁守企業(大村廠)案),十萬伏特電力股份有限公司,彰化-丁守企業(大村廠)案,丁守企業股份有限公司,於 2026-03-04 移轉 19.244 MWh
十萬伏特電力股份有限公司,環台光電股份有限公司(彰化-丁守企業(大村廠)案),十萬伏特電力股份有限公司,彰化-丁守企業(大村廠)案,丁守企業股份有限公司,於 2026-04-01 移轉 22.057 MWh
十萬伏特電力股份有限公司,環台光電股份有限公司(彰化-丁守企業(大村廠)案),十萬伏特電力股份有限公司,彰化-丁守企業(大村廠)案,丁守企業股份有限公司,於 2026-05-20 移轉 20 MWh
十萬伏特電力股份有限公司,環台光電股份有限公司(大道國中(效舜樓)案),十萬伏特電力股份有限公司,大道國中(效舜樓)案,華泰電子股份有限公司,於 2026-04-22 移轉 11.979 MWh
十萬伏特電力股份有限公司,環台光電股份有限公司(彰化-冠利製襪案),十萬伏特電力股份有限公司,彰化-冠利製襪案,華泰電子股份有限公司,於 2026-03-11 移轉 28.189 MWh
十萬伏特電力股份有限公司,環台光電股份有限公司(彰化-冠利製襪案),十萬伏特電力股份有限公司,彰化-冠利製襪案,華泰電子股份有限公司,於 2026-04-01 移轉 30.674 MWh
十萬伏特電力股份有限公司,環台光電股份有限公司(峰易科技案),十萬伏特電力股份有限公司,峰易科技案,華泰電子股份有限公司,於 2026-04-22 移轉 12.995 MWh
十萬伏特電力股份有限公司,環台光電股份有限公司(偉霸工業案),十萬伏特電力股份有限公司,偉霸工業案,華泰電子股份有限公司,於 2026-04-22 移轉 49.475 MWh
十萬伏特電力股份有限公司,環台光電股份有限公司(台中-日南國中案),十萬伏特電力股份有限公司,台中-日南國中案,華泰電子股份有限公司,於 2026-04-22 移轉 82.997 MWh
十萬伏特電力股份有限公司,環台光電股份有限公司(彰化-冠皇紙業案),十萬伏特電力股份有限公司,彰化-冠皇紙業案,華泰電子股份有限公司,於 2026-03-11 移轉 26.756 MWh
十萬伏特電力股份有限公司,環台光電股份有限公司(彰化-冠皇紙業案),十萬伏特電力股份有限公司,彰化-冠皇紙業案,華泰電子股份有限公司,於 2026-04-01 移轉 28.235 MWh
十萬伏特電力股份有限公司,環台水泥製品股份有限公司(環台二廠案),十萬伏特電力股份有限公司,環台二廠案,華泰電子股份有限公司,於 2026-04-22 移轉 59.525 MWh
十萬伏特電力股份有限公司,環台光電股份有限公司(台中-欣展工業),十萬伏特電力股份有限公司,台中-欣展工業,華泰電子股份有限公司,於 2026-04-22 移轉 36.713 MWh
十萬伏特電力股份有限公司,環台光電股份有限公司(鎂和鋼鐵),十萬伏特電力股份有限公司,鎂和鋼鐵,鋐光實業股份有限公司,於 2026-03-11 移轉 34.128 MWh
十萬伏特電力股份有限公司,環台光電股份有限公司(鎂和鋼鐵),十萬伏特電力股份有限公司,鎂和鋼鐵,鋐光實業股份有限公司,於 2026-04-01 移轉 35.407 MWh
十萬伏特電力股份有限公司,環台光電股份有限公司(鎂和鋼鐵),十萬伏特電力股份有限公司,鎂和鋼鐵,鋐光實業股份有限公司,於 2026-05-20 移轉 45.035 MWh
南方電力股份有限公司,日晶能源科技有限公司(嘉義縣東石鄉栗子崙段388地號太陽光電發電廠),南方電力股份有限公司,嘉義縣東石鄉栗子崙段388地號太陽光電發電廠,龍邑工程顧問股份有限公司,於 2026-03-05 移轉 1.465 MWh
南方電力股份有限公司,日晶能源科技有限公司(嘉義縣東石鄉栗子崙段388地號太陽光電發電廠),南方電力股份有限公司,嘉義縣東石鄉栗子崙段388地號太陽光電發電廠,龍邑工程顧問股份有限公司,於 2026-04-01 移轉 1.434 MWh
南方電力股份有限公司,日晶能源科技有限公司(嘉義縣東石鄉栗子崙段388地號太陽光電發電廠),南方電力股份有限公司,嘉義縣東石鄉栗子崙段388地號太陽光電發電廠,龍邑工程顧問股份有限公司,於 2026-05-20 移轉 1.5 MWh
南方電力股份有限公司,日晶能源科技有限公司(嘉義縣東石鄉栗子崙段388地號太陽光電發電廠),南方電力股份有限公司,嘉義縣東石鄉栗子崙段388地號太陽光電發電廠,亞福儲能股份有限公司,於 2026-03-05 移轉 2.5 MWh
南方電力股份有限公司,日晶能源科技有限公司(嘉義縣東石鄉栗子崙段388地號太陽光電發電廠),南方電力股份有限公司,嘉義縣東石鄉栗子崙段388地號太陽光電發電廠,亞福儲能股份有限公司,於 2026-04-01 移轉 2.5 MWh
南方電力股份有限公司,日晶能源科技有限公司(嘉義縣東石鄉栗子崙段388地號太陽光電發電廠),南方電力股份有限公司,嘉義縣東石鄉栗子崙段388地號太陽光電發電廠,亞福儲能股份有限公司,於 2026-05-20 移轉 2.5 MWh
南方電力股份有限公司,日晶能源科技有限公司(嘉義縣東石鄉栗子崙段388地號太陽光電發電廠),南方電力股份有限公司,嘉義縣東石鄉栗子崙段388地號太陽光電發電廠,逸盛科技股份有限公司,於 2026-03-05 移轉 0.5 MWh
南方電力股份有限公司,日晶能源科技有限公司(嘉義縣東石鄉栗子崙段388地號太陽光電發電廠),南方電力股份有限公司,嘉義縣東石鄉栗子崙段388地號太陽光電發電廠,逸盛科技股份有限公司,於 2026-04-01 移轉 0.459 MWh
南方電力股份有限公司,日晶能源科技有限公司(嘉義縣東石鄉栗子崙段388地號太陽光電發電廠),南方電力股份有限公司,嘉義縣東石鄉栗子崙段388地號太陽光電發電廠,逸盛科技股份有限公司,於 2026-05-20 移轉 0.5 MWh
南方電力股份有限公司,日晶能源科技有限公司(嘉義縣東石鄉栗子崙段388地號太陽光電發電廠),南方電力股份有限公司,嘉義縣東石鄉栗子崙段388地號太陽光電發電廠,胤源企業有限公司,於 2026-04-01 移轉 0.436 MWh
南方電力股份有限公司,日晶能源科技有限公司(嘉義縣東石鄉栗子崙段388地號太陽光電發電廠),南方電力股份有限公司,嘉義縣東石鄉栗子崙段388地號太陽光電發電廠,胤源企業有限公司,於 2026-05-20 移轉 0.331 MWh
南方電力股份有限公司,日晶能源科技有限公司(嘉義縣東石鄉栗子崙段388地號太陽光電發電廠),南方電力股份有限公司,嘉義縣東石鄉栗子崙段388地號太陽光電發電廠,達勝科技股份有限公司,於 2026-03-05 移轉 0.5 MWh
南方電力股份有限公司,日晶能源科技有限公司(嘉義縣東石鄉栗子崙段388地號太陽光電發電廠),南方電力股份有限公司,嘉義縣東石鄉栗子崙段388地號太陽光電發電廠,達勝科技股份有限公司,於 2026-04-01 移轉 0.5 MWh
南方電力股份有限公司,日晶能源科技有限公司(嘉義縣東石鄉栗子崙段388地號太陽光電發電廠),南方電力股份有限公司,嘉義縣東石鄉栗子崙段388地號太陽光電發電廠,達勝科技股份有限公司,於 2026-05-20 移轉 0.5 MWh
南方電力股份有限公司,日晶能源科技有限公司(嘉義縣東石鄉栗子崙段388地號太陽光電發電廠),南方電力股份有限公司,嘉義縣東石鄉栗子崙段388地號太陽光電發電廠,隆宜實業有限公司,於 2026-03-05 移轉 6.5 MWh
南方電力股份有限公司,日晶能源科技有限公司(嘉義縣東石鄉栗子崙段388地號太陽光電發電廠),南方電力股份有限公司,嘉義縣東石鄉栗子崙段388地號太陽光電發電廠,隆宜實業有限公司,於 2026-04-01 移轉 6.5 MWh
南方電力股份有限公司,日晶能源科技有限公司(嘉義縣東石鄉栗子崙段388地號太陽光電發電廠),南方電力股份有限公司,嘉義縣東石鄉栗子崙段388地號太陽光電發電廠,隆宜實業有限公司,於 2026-05-20 移轉 6.5 MWh
南方電力股份有限公司,日晶能源科技有限公司(嘉義縣東石鄉栗子崙段388地號太陽光電發電廠),南方電力股份有限公司,嘉義縣東石鄉栗子崙段388地號太陽光電發電廠,永豐商業銀行股份有限公司,於 2026-03-05 移轉 7.426 MWh
南方電力股份有限公司,日晶能源科技有限公司(嘉義縣東石鄉栗子崙段388地號太陽光電發電廠),南方電力股份有限公司,嘉義縣東石鄉栗子崙段388地號太陽光電發電廠,永豐商業銀行股份有限公司,於 2026-04-01 移轉 7.724 MWh
南方電力股份有限公司,日晶能源科技有限公司(嘉義縣東石鄉栗子崙段388地號太陽光電發電廠),南方電力股份有限公司,嘉義縣東石鄉栗子崙段388地號太陽光電發電廠,永豐商業銀行股份有限公司,於 2026-05-20 移轉 10 MWh
南方電力股份有限公司,日晶能源科技有限公司(嘉義縣東石鄉栗子崙段388地號太陽光電發電廠),南方電力股份有限公司,嘉義縣東石鄉栗子崙段388地號太陽光電發電廠,王美桃,於 2026-03-05 移轉 1.817 MWh
南方電力股份有限公司,日晶能源科技有限公司(嘉義縣東石鄉栗子崙段388地號太陽光電發電廠),南方電力股份有限公司,嘉義縣東石鄉栗子崙段388地號太陽光電發電廠,王美桃,於 2026-04-01 移轉 1.648 MWh
南方電力股份有限公司,日晶能源科技有限公司(嘉義縣東石鄉栗子崙段388地號太陽光電發電廠),南方電力股份有限公司,嘉義縣東石鄉栗子崙段388地號太陽光電發電廠,王美桃,於 2026-05-20 移轉 2.622 MWh
南方電力股份有限公司,欣亞能源有限公司(台南市學甲區宅子港段165-123地號太陽光電發電廠),南方電力股份有限公司,台南市學甲區宅子港段165-123地號太陽光電發電廠,許志森,於 2026-03-04 移轉 0.015 MWh
南方電力股份有限公司,欣亞能源有限公司(台南市學甲區宅子港段165-123地號太陽光電發電廠),南方電力股份有限公司,台南市學甲區宅子港段165-123地號太陽光電發電廠,許志森,於 2026-04-01 移轉 0.022 MWh
南方電力股份有限公司,欣亞能源有限公司(台南市學甲區宅子港段165-123地號太陽光電發電廠),南方電力股份有限公司,台南市學甲區宅子港段165-123地號太陽光電發電廠,許志森,於 2026-05-20 移轉 0.026 MWh
南方電力股份有限公司,欣亞能源有限公司(台南市學甲區宅子港段165-123地號太陽光電發電廠),南方電力股份有限公司,台南市學甲區宅子港段165-123地號太陽光電發電廠,永豐商業銀行股份有限公司,於 2026-03-04 移轉 13.089 MWh
南方電力股份有限公司,欣亞能源有限公司(台南市學甲區宅子港段165-123地號太陽光電發電廠),南方電力股份有限公司,台南市學甲區宅子港段165-123地號太陽光電發電廠,永豐商業銀行股份有限公司,於 2026-04-01 移轉 19.331 MWh
南方電力股份有限公司,欣亞能源有限公司(台南市學甲區宅子港段165-123地號太陽光電發電廠),南方電力股份有限公司,台南市學甲區宅子港段165-123地號太陽光電發電廠,永豐商業銀行股份有限公司,於 2026-05-20 移轉 30.399 MWh
南方電力股份有限公司,欣亞能源有限公司(台南市學甲區宅子港段165-123地號太陽光電發電廠),南方電力股份有限公司,台南市學甲區宅子港段165-123地號太陽光電發電廠,新加坡商全美世界控股有限公司台灣分公司,於 2026-03-04 移轉 1.205 MWh
南方電力股份有限公司,欣亞能源有限公司(台南市學甲區宅子港段165-123地號太陽光電發電廠),南方電力股份有限公司,台南市學甲區宅子港段165-123地號太陽光電發電廠,新加坡商全美世界控股有限公司台灣分公司,於 2026-04-01 移轉 1.481 MWh
南方電力股份有限公司,欣亞能源有限公司(台南市學甲區宅子港段165-123地號太陽光電發電廠),南方電力股份有限公司,台南市學甲區宅子港段165-123地號太陽光電發電廠,新加坡商全美世界控股有限公司台灣分公司,於 2026-05-20 移轉 2.392 MWh
南方電力股份有限公司,泰一能源科技有限公司(屏東鹽埔太陽光電發電廠),南方電力股份有限公司,屏東鹽埔太陽光電發電廠,台灣積體電路製造股份有限公司,於 2026-04-22 移轉 299.729 MWh
南方電力股份有限公司,泰一能源科技有限公司(屏東鹽埔太陽光電發電廠),南方電力股份有限公司,屏東鹽埔太陽光電發電廠,台灣積體電路製造股份有限公司,於 2026-05-20 移轉 193.103 MWh
南方電力股份有限公司,泰一能源科技有限公司(瑞隆畜牧場太陽光電發電廠),南方電力股份有限公司,瑞隆畜牧場太陽光電發電廠,晟銘電子科技股份有限公司,於 2026-03-04 移轉 5.667 MWh
南方電力股份有限公司,泰一能源科技有限公司(瑞隆畜牧場太陽光電發電廠),南方電力股份有限公司,瑞隆畜牧場太陽光電發電廠,晟銘電子科技股份有限公司,於 2026-04-01 移轉 4.062 MWh
南方電力股份有限公司,神州工程有限公司(東寧國小太陽光電發電廠),南方電力股份有限公司,東寧國小太陽光電發電廠,台灣積體電路製造股份有限公司,於 2026-04-22 移轉 68.913 MWh
南方電力股份有限公司,神州工程有限公司(東寧國小太陽光電發電廠),南方電力股份有限公司,東寧國小太陽光電發電廠,台灣積體電路製造股份有限公司,於 2026-05-20 移轉 43.958 MWh
南方電力股份有限公司,神州能源有限公司(後庄國小太陽光電發電廠),南方電力股份有限公司,後庄國小太陽光電發電廠,台灣積體電路製造股份有限公司,於 2026-04-22 移轉 19.754 MWh
南方電力股份有限公司,神州能源有限公司(後庄國小太陽光電發電廠),南方電力股份有限公司,後庄國小太陽光電發電廠,台灣積體電路製造股份有限公司,於 2026-05-20 移轉 12.52 MWh
南方電力股份有限公司,神州能源有限公司(高樹國小太陽光電發電廠),南方電力股份有限公司,高樹國小太陽光電發電廠,台灣積體電路製造股份有限公司,於 2026-04-22 移轉 61.647 MWh
南方電力股份有限公司,神州能源有限公司(高樹國小太陽光電發電廠),南方電力股份有限公司,高樹國小太陽光電發電廠,台灣積體電路製造股份有限公司,於 2026-05-20 移轉 38.971 MWh
南方電力股份有限公司,神州能源有限公司(屏東縣高樹鄉舊寮段0197-0001地號太陽光電發電場),南方電力股份有限公司,屏東縣高樹鄉舊寮段0197-0001地號太陽光電發電場,台灣積體電路製造股份有限公司,於 2026-04-22 移轉 20.376 MWh
南方電力股份有限公司,神州能源有限公司(屏東縣高樹鄉舊寮段0197-0001地號太陽光電發電場),南方電力股份有限公司,屏東縣高樹鄉舊寮段0197-0001地號太陽光電發電場,台灣積體電路製造股份有限公司,於 2026-05-20 移轉 12.773 MWh
南方電力股份有限公司,神州工程有限公司(屏東縣高樹鄉阿拔泉段0065-0109地號太陽光電發電場),南方電力股份有限公司,屏東縣高樹鄉阿拔泉段0065-0109地號太陽光電發電場,台灣積體電路製造股份有限公司,於 2026-04-22 移轉 20.111 MWh
南方電力股份有限公司,神州工程有限公司(屏東縣高樹鄉阿拔泉段0065-0109地號太陽光電發電場),南方電力股份有限公司,屏東縣高樹鄉阿拔泉段0065-0109地號太陽光電發電場,台灣積體電路製造股份有限公司,於 2026-05-20 移轉 12.541 MWh
南方電力股份有限公司,神州能源有限公司(屏東縣高樹鄉阿拔泉段0065-0224地號太陽光電發電場),南方電力股份有限公司,屏東縣高樹鄉阿拔泉段0065-0224地號太陽光電發電場,台灣積體電路製造股份有限公司,於 2026-04-22 移轉 20.81 MWh
南方電力股份有限公司,神州能源有限公司(屏東縣高樹鄉阿拔泉段0065-0224地號太陽光電發電場),南方電力股份有限公司,屏東縣高樹鄉阿拔泉段0065-0224地號太陽光電發電場,台灣積體電路製造股份有限公司,於 2026-05-20 移轉 12.694 MWh
南方電力股份有限公司,神州綠能有限公司(屏東縣高樹鄉泰和段0534-0000地號太陽光電發電場),南方電力股份有限公司,屏東縣高樹鄉泰和段0534-0000地號太陽光電發電場,台灣積體電路製造股份有限公司,於 2026-04-22 移轉 20.227 MWh
南方電力股份有限公司,神州綠能有限公司(屏東縣高樹鄉泰和段0534-0000地號太陽光電發電場),南方電力股份有限公司,屏東縣高樹鄉泰和段0534-0000地號太陽光電發電場,台灣積體電路製造股份有限公司,於 2026-05-20 移轉 11.93 MWh
南方電力股份有限公司,神州工程有限公司(屏東縣高樹鄉泰和段0535-0000地號太陽光電發電場),南方電力股份有限公司,屏東縣高樹鄉泰和段0535-0000地號太陽光電發電場,台灣積體電路製造股份有限公司,於 2026-04-22 移轉 20.547 MWh
南方電力股份有限公司,神州工程有限公司(屏東縣高樹鄉泰和段0535-0000地號太陽光電發電場),南方電力股份有限公司,屏東縣高樹鄉泰和段0535-0000地號太陽光電發電場,台灣積體電路製造股份有限公司,於 2026-05-20 移轉 11.91 MWh
南方電力股份有限公司,神州工程有限公司(屏東縣高樹鄉舊寮段197地號太陽光電發電場),南方電力股份有限公司,屏東縣高樹鄉舊寮段197地號太陽光電發電場,台灣積體電路製造股份有限公司,於 2026-04-22 移轉 20.316 MWh
南方電力股份有限公司,神州工程有限公司(屏東縣高樹鄉舊寮段197地號太陽光電發電場),南方電力股份有限公司,屏東縣高樹鄉舊寮段197地號太陽光電發電場,台灣積體電路製造股份有限公司,於 2026-05-20 移轉 12.672 MWh
南方電力股份有限公司,神州能源有限公司(屏東縣高樹鄉舊寮段0197-0002地號太陽光電發電場),南方電力股份有限公司,屏東縣高樹鄉舊寮段0197-0002地號太陽光電發電場,台灣積體電路製造股份有限公司,於 2026-04-22 移轉 19.874 MWh
南方電力股份有限公司,神州能源有限公司(屏東縣高樹鄉舊寮段0197-0002地號太陽光電發電場),南方電力股份有限公司,屏東縣高樹鄉舊寮段0197-0002地號太陽光電發電場,台灣積體電路製造股份有限公司,於 2026-05-20 移轉 12.698 MWh
南方電力股份有限公司,神州工程有限公司(屏東縣高樹鄉舊寮段0197-0003地號太陽光電發電場),南方電力股份有限公司,屏東縣高樹鄉舊寮段0197-0003地號太陽光電發電場,台灣積體電路製造股份有限公司,於 2026-04-22 移轉 20.353 MWh
南方電力股份有限公司,神州工程有限公司(屏東縣高樹鄉舊寮段0197-0003地號太陽光電發電場),南方電力股份有限公司,屏東縣高樹鄉舊寮段0197-0003地號太陽光電發電場,台灣積體電路製造股份有限公司,於 2026-05-20 移轉 12.754 MWh
南方電力股份有限公司,神州綠能有限公司(屏東縣高樹鄉舊寮段0197-0004地號太陽光電發電場),南方電力股份有限公司,屏東縣高樹鄉舊寮段0197-0004地號太陽光電發電場,台灣積體電路製造股份有限公司,於 2026-04-22 移轉 19.96 MWh
南方電力股份有限公司,神州綠能有限公司(屏東縣高樹鄉舊寮段0197-0004地號太陽光電發電場),南方電力股份有限公司,屏東縣高樹鄉舊寮段0197-0004地號太陽光電發電場,台灣積體電路製造股份有限公司,於 2026-05-20 移轉 12.414 MWh
南方電力股份有限公司,神州工程有限公司(屏東縣高樹鄉阿拔泉段0065-0223地號太陽光電發電場),南方電力股份有限公司,屏東縣高樹鄉阿拔泉段0065-0223地號太陽光電發電場,台灣積體電路製造股份有限公司,於 2026-04-22 移轉 20.381 MWh
南方電力股份有限公司,神州工程有限公司(屏東縣高樹鄉阿拔泉段0065-0223地號太陽光電發電場),南方電力股份有限公司,屏東縣高樹鄉阿拔泉段0065-0223地號太陽光電發電場,台灣積體電路製造股份有限公司,於 2026-05-20 移轉 12.339 MWh
南方電力股份有限公司,神州綠能有限公司(屏東縣高樹鄉阿拔泉段0065-0225地號太陽光電發電場),南方電力股份有限公司,屏東縣高樹鄉阿拔泉段0065-0225地號太陽光電發電場,台灣積體電路製造股份有限公司,於 2026-04-22 移轉 20.018 MWh
南方電力股份有限公司,神州綠能有限公司(屏東縣高樹鄉阿拔泉段0065-0225地號太陽光電發電場),南方電力股份有限公司,屏東縣高樹鄉阿拔泉段0065-0225地號太陽光電發電場,台灣積體電路製造股份有限公司,於 2026-05-20 移轉 11.871 MWh
南方電力股份有限公司,神州綠能有限公司(屏東縣高樹鄉泰和段0536-0000地號太陽光電發電場),南方電力股份有限公司,屏東縣高樹鄉泰和段0536-0000地號太陽光電發電場,台灣積體電路製造股份有限公司,於 2026-04-22 移轉 14.711 MWh
南方電力股份有限公司,神州綠能有限公司(屏東縣高樹鄉泰和段0536-0000地號太陽光電發電場),南方電力股份有限公司,屏東縣高樹鄉泰和段0536-0000地號太陽光電發電場,台灣積體電路製造股份有限公司,於 2026-05-20 移轉 8.58 MWh
南方電力股份有限公司,神州能源有限公司(南隆國中太陽光電發電廠),南方電力股份有限公司,南隆國中太陽光電發電廠,台灣積體電路製造股份有限公司,於 2026-04-22 移轉 59.498 MWh
南方電力股份有限公司,神州能源有限公司(南隆國中太陽光電發電廠),南方電力股份有限公司,南隆國中太陽光電發電廠,台灣積體電路製造股份有限公司,於 2026-05-20 移轉 39.439 MWh
南方電力股份有限公司,神州工程有限公司(青年國中太陽光電發電廠),南方電力股份有限公司,青年國中太陽光電發電廠,台灣積體電路製造股份有限公司,於 2026-05-20 移轉 30.106 MWh
南方電力股份有限公司,神州工程有限公司(青年國中太陽光電發電廠),南方電力股份有限公司,青年國中太陽光電發電廠,精誠資訊股份有限公司,於 2026-03-04 移轉 19.411 MWh
南方電力股份有限公司,神州工程有限公司(青年國中太陽光電發電廠),南方電力股份有限公司,青年國中太陽光電發電廠,精誠資訊股份有限公司,於 2026-04-01 移轉 21.239 MWh
南方電力股份有限公司,神州工程有限公司(青年校舍太陽光電發電廠),南方電力股份有限公司,青年校舍太陽光電發電廠,精誠資訊股份有限公司,於 2026-03-04 移轉 20.928 MWh
南方電力股份有限公司,神州工程有限公司(青年校舍太陽光電發電廠),南方電力股份有限公司,青年校舍太陽光電發電廠,精誠資訊股份有限公司,於 2026-04-01 移轉 21.983 MWh
南方電力股份有限公司,神州工程有限公司(青年校舍太陽光電發電廠),南方電力股份有限公司,青年校舍太陽光電發電廠,精誠資訊股份有限公司,於 2026-05-20 移轉 28.076 MWh
南方電力股份有限公司,神州工程有限公司(青年校舍太陽光電發電廠),南方電力股份有限公司,青年校舍太陽光電發電廠,聯邦國際租賃股份有限公司,於 2026-03-04 移轉 5.654 MWh
南方電力股份有限公司,神州工程有限公司(青年校舍太陽光電發電廠),南方電力股份有限公司,青年校舍太陽光電發電廠,聯邦國際租賃股份有限公司,於 2026-04-01 移轉 6.245 MWh
南方電力股份有限公司,神州工程有限公司(青年校舍太陽光電發電廠),南方電力股份有限公司,青年校舍太陽光電發電廠,聯邦國際租賃股份有限公司,於 2026-05-20 移轉 8.757 MWh
南方電力股份有限公司,神州工程有限公司(田寮連永昌畜牧場太陽光電發電廠),南方電力股份有限公司,田寮連永昌畜牧場太陽光電發電廠,台灣積體電路製造股份有限公司,於 2026-04-22 移轉 29.931 MWh
南方電力股份有限公司,神州工程有限公司(田寮連永昌畜牧場太陽光電發電廠),南方電力股份有限公司,田寮連永昌畜牧場太陽光電發電廠,台灣積體電路製造股份有限公司,於 2026-05-20 移轉 19.066 MWh
南方電力股份有限公司,神州工程有限公司(甲仙國中太陽光電發電廠),南方電力股份有限公司,甲仙國中太陽光電發電廠,台灣積體電路製造股份有限公司,於 2026-04-22 移轉 31.902 MWh
南方電力股份有限公司,神州工程有限公司(甲仙國中太陽光電發電廠),南方電力股份有限公司,甲仙國中太陽光電發電廠,台灣積體電路製造股份有限公司,於 2026-05-20 移轉 20.926 MWh
南方電力股份有限公司,神州工程有限公司(甲仙農會梅子工廠太陽光電發電廠),南方電力股份有限公司,甲仙農會梅子工廠太陽光電發電廠,台灣積體電路製造股份有限公司,於 2026-04-22 移轉 39.459 MWh
南方電力股份有限公司,神州工程有限公司(甲仙農會梅子工廠太陽光電發電廠),南方電力股份有限公司,甲仙農會梅子工廠太陽光電發電廠,台灣積體電路製造股份有限公司,於 2026-05-20 移轉 26.429 MWh
南方電力股份有限公司,神州綠能有限公司(內門國小太陽光電發電廠),南方電力股份有限公司,內門國小太陽光電發電廠,台灣積體電路製造股份有限公司,於 2026-04-22 移轉 46.929 MWh
南方電力股份有限公司,神州綠能有限公司(內門國小太陽光電發電廠),南方電力股份有限公司,內門國小太陽光電發電廠,台灣積體電路製造股份有限公司,於 2026-05-20 移轉 29.158 MWh
南方電力股份有限公司,葉安惠(杉林農會太陽光電發電廠),南方電力股份有限公司,杉林農會太陽光電發電廠,台灣積體電路製造股份有限公司,於 2026-04-22 移轉 8.27 MWh
南方電力股份有限公司,葉安惠(杉林農會太陽光電發電廠),南方電力股份有限公司,杉林農會太陽光電發電廠,台灣積體電路製造股份有限公司,於 2026-05-20 移轉 5.533 MWh
南方電力股份有限公司,普雷嘉工程有限公司(將軍區長榮段太陽光電發電場),南方電力股份有限公司,將軍區長榮段太陽光電發電場,台灣積體電路製造股份有限公司,於 2026-04-22 移轉 70.258 MWh
南方電力股份有限公司,普雷嘉工程有限公司(將軍區長榮段太陽光電發電場),南方電力股份有限公司,將軍區長榮段太陽光電發電場,台灣積體電路製造股份有限公司,於 2026-05-20 移轉 47.204 MWh
南方電力股份有限公司,日晶能源科技有限公司(屏大附小太陽光電發電廠),南方電力股份有限公司,屏大附小太陽光電發電廠,臺灣銀行股份有限公司,於 2026-03-25 移轉 28.368 MWh
南方電力股份有限公司,日晶能源科技有限公司(屏大附小太陽光電發電廠),南方電力股份有限公司,屏大附小太陽光電發電廠,臺灣銀行股份有限公司,於 2026-04-01 移轉 25.919 MWh
南方電力股份有限公司,屏太能源科技有限公司(屏東縣南州鄉七塊段0401-0003地號太陽光電發電場),南方電力股份有限公司,屏東縣南州鄉七塊段0401-0003地號太陽光電發電場,晟銘電子科技股份有限公司,於 2026-03-04 移轉 28.582 MWh
南方電力股份有限公司,屏太能源科技有限公司(屏東縣南州鄉七塊段0401-0003地號太陽光電發電場),南方電力股份有限公司,屏東縣南州鄉七塊段0401-0003地號太陽光電發電場,晟銘電子科技股份有限公司,於 2026-04-01 移轉 23.535 MWh
南方電力股份有限公司,屏太能源科技有限公司(屏東縣南州鄉七塊段0401-0003地號太陽光電發電場),南方電力股份有限公司,屏東縣南州鄉七塊段0401-0003地號太陽光電發電場,晟銘電子科技股份有限公司,於 2026-05-20 移轉 33.107 MWh
南方電力股份有限公司,屏暘能源科技有限公司(屏東縣南州鄉七塊段401-2地號太陽光電發電場),南方電力股份有限公司,屏東縣南州鄉七塊段401-2地號太陽光電發電場,台灣積體電路製造股份有限公司,於 2026-04-22 移轉 77.187 MWh
南方電力股份有限公司,屏暘能源科技有限公司(屏東縣南州鄉七塊段401-2地號太陽光電發電場),南方電力股份有限公司,屏東縣南州鄉七塊段401-2地號太陽光電發電場,台灣積體電路製造股份有限公司,於 2026-05-20 移轉 48.002 MWh
南方電力股份有限公司,屏暘能源科技有限公司(屏東縣枋寮鄉三民段616地號太陽光電發電場),南方電力股份有限公司,屏東縣枋寮鄉三民段616地號太陽光電發電場,台灣積體電路製造股份有限公司,於 2026-04-22 移轉 85.343 MWh
南方電力股份有限公司,屏暘能源科技有限公司(屏東縣枋寮鄉三民段616地號太陽光電發電場),南方電力股份有限公司,屏東縣枋寮鄉三民段616地號太陽光電發電場,台灣積體電路製造股份有限公司,於 2026-05-20 移轉 57.678 MWh
南方電力股份有限公司,承暘能源科技有限公司(屏東縣麟洛鄉麟和段0161-0000地號太陽光電發電場),南方電力股份有限公司,屏東縣麟洛鄉麟和段0161-0000地號太陽光電發電場,臺灣銀行股份有限公司,於 2026-03-04 移轉 0.001 MWh
南方電力股份有限公司,承暘能源科技有限公司(屏東縣麟洛鄉麟和段0161-0000地號太陽光電發電場),南方電力股份有限公司,屏東縣麟洛鄉麟和段0161-0000地號太陽光電發電場,臺灣銀行股份有限公司,於 2026-03-25 移轉 6.063 MWh
南方電力股份有限公司,承暘能源科技有限公司(屏東縣麟洛鄉麟和段0161-0000地號太陽光電發電場),南方電力股份有限公司,屏東縣麟洛鄉麟和段0161-0000地號太陽光電發電場,臺灣銀行股份有限公司,於 2026-04-01 移轉 5.619 MWh
南方電力股份有限公司,承暘能源科技有限公司(屏東縣麟洛鄉麟和段0161-0000地號太陽光電發電場),南方電力股份有限公司,屏東縣麟洛鄉麟和段0161-0000地號太陽光電發電場,臺灣銀行股份有限公司,於 2026-05-20 移轉 0.001 MWh
南方電力股份有限公司,屏暘能源科技有限公司(屏東縣鹽埔鄉彭南段0413-0000地號太陽光電發電場),南方電力股份有限公司,屏東縣鹽埔鄉彭南段0413-0000地號太陽光電發電場,台灣積體電路製造股份有限公司,於 2026-04-22 移轉 78.947 MWh
南方電力股份有限公司,屏暘能源科技有限公司(屏東縣鹽埔鄉彭南段0413-0000地號太陽光電發電場),南方電力股份有限公司,屏東縣鹽埔鄉彭南段0413-0000地號太陽光電發電場,台灣積體電路製造股份有限公司,於 2026-05-20 移轉 50.615 MWh
南方電力股份有限公司,承暘能源科技有限公司(屏東縣新園鄉新南段0109-0000地號太陽光電發電場),南方電力股份有限公司,屏東縣新園鄉新南段0109-0000地號太陽光電發電場,台灣積體電路製造股份有限公司,於 2026-04-22 移轉 18.44 MWh
南方電力股份有限公司,承暘能源科技有限公司(屏東縣新園鄉新南段0109-0000地號太陽光電發電場),南方電力股份有限公司,屏東縣新園鄉新南段0109-0000地號太陽光電發電場,台灣積體電路製造股份有限公司,於 2026-05-20 移轉 12.798 MWh
南方電力股份有限公司,承暘能源科技有限公司(屏東縣內埔鄉新埔段0974-0000地號太陽光電發電場),南方電力股份有限公司,屏東縣內埔鄉新埔段0974-0000地號太陽光電發電場,台灣積體電路製造股份有限公司,於 2026-04-22 移轉 39.607 MWh
南方電力股份有限公司,承暘能源科技有限公司(屏東縣內埔鄉新埔段0974-0000地號太陽光電發電場),南方電力股份有限公司,屏東縣內埔鄉新埔段0974-0000地號太陽光電發電場,台灣積體電路製造股份有限公司,於 2026-05-20 移轉 25.311 MWh
南方電力股份有限公司,承暘能源科技有限公司(屏東縣長治鄉華榮段0123-0000地號太陽光電發電場),南方電力股份有限公司,屏東縣長治鄉華榮段0123-0000地號太陽光電發電場,台灣積體電路製造股份有限公司,於 2026-04-22 移轉 12.979 MWh
南方電力股份有限公司,承暘能源科技有限公司(屏東縣長治鄉華榮段0123-0000地號太陽光電發電場),南方電力股份有限公司,屏東縣長治鄉華榮段0123-0000地號太陽光電發電場,台灣積體電路製造股份有限公司,於 2026-05-20 移轉 8.3 MWh
南方電力股份有限公司,屏暘能源科技有限公司(屏東縣枋山鄉舊庄段509、510地號太陽光電發電場),南方電力股份有限公司,屏東縣枋山鄉舊庄段509、510地號太陽光電發電場,台灣積體電路製造股份有限公司,於 2026-04-22 移轉 109.18 MWh
南方電力股份有限公司,屏暘能源科技有限公司(屏東縣枋山鄉舊庄段509、510地號太陽光電發電場),南方電力股份有限公司,屏東縣枋山鄉舊庄段509、510地號太陽光電發電場,台灣積體電路製造股份有限公司,於 2026-05-20 移轉 64.002 MWh
南方電力股份有限公司,承暘能源科技有限公司(屏東縣萬巒鄉萬和段1878-0008地號太陽光電發電場),南方電力股份有限公司,屏東縣萬巒鄉萬和段1878-0008地號太陽光電發電場,台灣積體電路製造股份有限公司,於 2026-04-22 移轉 8.401 MWh
南方電力股份有限公司,承暘能源科技有限公司(屏東縣萬巒鄉萬和段1878-0008地號太陽光電發電場),南方電力股份有限公司,屏東縣萬巒鄉萬和段1878-0008地號太陽光電發電場,台灣積體電路製造股份有限公司,於 2026-05-20 移轉 5.481 MWh
南方電力股份有限公司,承暘能源科技有限公司(屏東縣南州鄉七塊段0401-0004、0459-0000地號太陽光電發電場),南方電力股份有限公司,屏東縣南州鄉七塊段0401-0004、0459-0000地號太陽光電發電場,台灣積體電路製造股份有限公司,於 2026-04-22 移轉 85.25 MWh
南方電力股份有限公司,承暘能源科技有限公司(屏東縣南州鄉七塊段0401-0004、0459-0000地號太陽光電發電場),南方電力股份有限公司,屏東縣南州鄉七塊段0401-0004、0459-0000地號太陽光電發電場,台灣積體電路製造股份有限公司,於 2026-05-20 移轉 58.384 MWh
南方電力股份有限公司,承暘能源科技有限公司(屏東縣南州鄉七塊段0401-0001、0402-0000地號太陽光電發電場),南方電力股份有限公司,屏東縣南州鄉七塊段0401-0001、0402-0000地號太陽光電發電場,台灣積體電路製造股份有限公司,於 2026-04-22 移轉 104.123 MWh
南方電力股份有限公司,承暘能源科技有限公司(屏東縣南州鄉七塊段0401-0001、0402-0000地號太陽光電發電場),南方電力股份有限公司,屏東縣南州鄉七塊段0401-0001、0402-0000地號太陽光電發電場,台灣積體電路製造股份有限公司,於 2026-05-20 移轉 70.013 MWh
南方電力股份有限公司,屏暘能源科技有限公司(屏東縣鹽埔鄉彭南段413-2地號太陽光電發電場),南方電力股份有限公司,屏東縣鹽埔鄉彭南段413-2地號太陽光電發電場,台灣積體電路製造股份有限公司,於 2026-04-22 移轉 20.735 MWh
南方電力股份有限公司,屏暘能源科技有限公司(屏東縣鹽埔鄉彭南段413-2地號太陽光電發電場),南方電力股份有限公司,屏東縣鹽埔鄉彭南段413-2地號太陽光電發電場,台灣積體電路製造股份有限公司,於 2026-05-20 移轉 12.926 MWh
南方電力股份有限公司,屏暘能源科技有限公司(屏東縣枋山鄉枋山段116地號太陽光電發電場),南方電力股份有限公司,屏東縣枋山鄉枋山段116地號太陽光電發電場,台灣積體電路製造股份有限公司,於 2026-04-22 移轉 75.26 MWh
南方電力股份有限公司,屏暘能源科技有限公司(屏東縣枋山鄉枋山段116地號太陽光電發電場),南方電力股份有限公司,屏東縣枋山鄉枋山段116地號太陽光電發電場,台灣積體電路製造股份有限公司,於 2026-05-20 移轉 46.61 MWh
南方電力股份有限公司,屏暘能源科技有限公司(屏東縣萬巒鄉萬和段1878-0006地號太陽光電發電場),南方電力股份有限公司,屏東縣萬巒鄉萬和段1878-0006地號太陽光電發電場,台灣積體電路製造股份有限公司,於 2026-05-20 移轉 38.657 MWh
南方電力股份有限公司,造得科技有限公司(臺南市學甲區大灣70號之50太陽光電發電廠),南方電力股份有限公司,臺南市學甲區大灣70號之50太陽光電發電廠,台灣積體電路製造股份有限公司,於 2026-04-22 移轉 23.75 MWh
南方電力股份有限公司,造得科技有限公司(臺南市學甲區大灣70號之50太陽光電發電廠),南方電力股份有限公司,臺南市學甲區大灣70號之50太陽光電發電廠,台灣積體電路製造股份有限公司,於 2026-05-20 移轉 16.359 MWh
南方電力股份有限公司,躍騰資產開發有限公司(高雄市甲仙區公館段23、24-1地號太陽光電發電廠),南方電力股份有限公司,高雄市甲仙區公館段23、24-1地號太陽光電發電廠,永豐商業銀行股份有限公司,於 2026-03-04 移轉 7.417 MWh
南方電力股份有限公司,躍騰資產開發有限公司(高雄市甲仙區公館段23、24-1地號太陽光電發電廠),南方電力股份有限公司,高雄市甲仙區公館段23、24-1地號太陽光電發電廠,永豐商業銀行股份有限公司,於 2026-04-01 移轉 6.856 MWh
南方電力股份有限公司,躍騰資產開發有限公司(高雄市甲仙區公館段23、24-1地號太陽光電發電廠),南方電力股份有限公司,高雄市甲仙區公館段23、24-1地號太陽光電發電廠,永豐商業銀行股份有限公司,於 2026-05-20 移轉 9.937 MWh
南方電力股份有限公司,躍騰資產開發有限公司(高雄市甲仙區公館段23、24-1地號太陽光電發電廠),南方電力股份有限公司,高雄市甲仙區公館段23、24-1地號太陽光電發電廠,欣泰石油氣股份有限公司,於 2026-03-04 移轉 4.271 MWh
南方電力股份有限公司,躍騰資產開發有限公司(高雄市甲仙區公館段23、24-1地號太陽光電發電廠),南方電力股份有限公司,高雄市甲仙區公館段23、24-1地號太陽光電發電廠,欣泰石油氣股份有限公司,於 2026-04-01 移轉 0.729 MWh
南方電力股份有限公司,茂庭光電有限公司(屏東縣鹽埔鄉民治路175號太陽光電發電廠),南方電力股份有限公司,屏東縣鹽埔鄉民治路175號太陽光電發電廠,新加坡商安富利股份有限公司台灣分公司,於 2026-03-04 移轉 9.361 MWh
南方電力股份有限公司,茂庭光電有限公司(屏東縣鹽埔鄉民治路175號太陽光電發電廠),南方電力股份有限公司,屏東縣鹽埔鄉民治路175號太陽光電發電廠,新加坡商安富利股份有限公司台灣分公司,於 2026-04-01 移轉 8.714 MWh
南方電力股份有限公司,茂庭光電有限公司(屏東縣鹽埔鄉民治路175號太陽光電發電廠),南方電力股份有限公司,屏東縣鹽埔鄉民治路175號太陽光電發電廠,新加坡商安富利股份有限公司台灣分公司,於 2026-05-20 移轉 12.305 MWh
南方電力股份有限公司,神州綠能有限公司(高雄市內門區木柵26號太陽光電發電廠),南方電力股份有限公司,高雄市內門區木柵26號太陽光電發電廠,台灣積體電路製造股份有限公司,於 2026-04-22 移轉 7.59 MWh
南方電力股份有限公司,神州綠能有限公司(高雄市內門區木柵26號太陽光電發電廠),南方電力股份有限公司,高雄市內門區木柵26號太陽光電發電廠,台灣積體電路製造股份有限公司,於 2026-05-20 移轉 4.766 MWh
南方電力股份有限公司,神州綠能有限公司(高雄市美濃區美濃段3408-0002、3413-0000地號太陽光電發電廠),南方電力股份有限公司,高雄市美濃區美濃段3408-0002、3413-0000地號太陽光電發電廠,台灣積體電路製造股份有限公司,於 2026-04-22 移轉 36.399 MWh
南方電力股份有限公司,神州綠能有限公司(高雄市美濃區美濃段3408-0002、3413-0000地號太陽光電發電廠),南方電力股份有限公司,高雄市美濃區美濃段3408-0002、3413-0000地號太陽光電發電廠,台灣積體電路製造股份有限公司,於 2026-05-20 移轉 22.862 MWh
南方電力股份有限公司,造得科技有限公司(嘉義縣民雄鄉鎮北村土庫子58之1號太陽光電發電廠),南方電力股份有限公司,嘉義縣民雄鄉鎮北村土庫子58之1號太陽光電發電廠,桂盟企業股份有限公司,於 2026-04-01 移轉 2.786 MWh
南方電力股份有限公司,造得科技有限公司(嘉義縣民雄鄉鎮北村土庫子58之1號太陽光電發電廠),南方電力股份有限公司,嘉義縣民雄鄉鎮北村土庫子58之1號太陽光電發電廠,聯邦國際租賃股份有限公司,於 2026-03-04 移轉 6.615 MWh
南方電力股份有限公司,造得科技有限公司(嘉義縣民雄鄉鎮北村土庫子58之1號太陽光電發電廠),南方電力股份有限公司,嘉義縣民雄鄉鎮北村土庫子58之1號太陽光電發電廠,聯邦國際租賃股份有限公司,於 2026-04-01 移轉 5.06 MWh
南方電力股份有限公司,造得科技有限公司(嘉義縣民雄鄉鎮北村土庫子58之1號太陽光電發電廠),南方電力股份有限公司,嘉義縣民雄鄉鎮北村土庫子58之1號太陽光電發電廠,聯邦國際租賃股份有限公司,於 2026-05-20 移轉 8.245 MWh
南方電力股份有限公司,新林綠能科技股份有限公司(嘉義市東區保忠一街167號太陽光電發電廠),南方電力股份有限公司,嘉義市東區保忠一街167號太陽光電發電廠,台灣積體電路製造股份有限公司,於 2026-04-22 移轉 74.085 MWh
南方電力股份有限公司,新林綠能科技股份有限公司(嘉義市東區保忠一街167號太陽光電發電廠),南方電力股份有限公司,嘉義市東區保忠一街167號太陽光電發電廠,台灣積體電路製造股份有限公司,於 2026-05-20 移轉 48.583 MWh
南方電力股份有限公司,金氏科訊股份有限公司(高雄市大寮區磚子磘段2537-0000地號),南方電力股份有限公司,高雄市大寮區磚子磘段2537-0000地號,台灣積體電路製造股份有限公司,於 2026-04-22 移轉 139.761 MWh
南方電力股份有限公司,金氏科訊股份有限公司(高雄市大寮區磚子磘段2537-0000地號),南方電力股份有限公司,高雄市大寮區磚子磘段2537-0000地號,台灣積體電路製造股份有限公司,於 2026-05-20 移轉 95.781 MWh
南方電力股份有限公司,茂庭光電有限公司(臺中市新社區東湖街1段99巷30號太陽光電發電廠),南方電力股份有限公司,臺中市新社區東湖街1段99巷30號太陽光電發電廠,財團法人綠色和平基金會,於 2026-03-04 移轉 0.72 MWh
南方電力股份有限公司,茂庭光電有限公司(臺中市新社區東湖街1段99巷30號太陽光電發電廠),南方電力股份有限公司,臺中市新社區東湖街1段99巷30號太陽光電發電廠,財團法人綠色和平基金會,於 2026-04-22 移轉 0.849 MWh
南方電力股份有限公司,茂庭光電有限公司(臺中市新社區東湖街1段99巷30號太陽光電發電廠),南方電力股份有限公司,臺中市新社區東湖街1段99巷30號太陽光電發電廠,財團法人綠色和平基金會,於 2026-05-20 移轉 2.294 MWh
南方電力股份有限公司,茂庭光電有限公司(臺中市新社區東湖街1段99巷30號太陽光電發電廠),南方電力股份有限公司,臺中市新社區東湖街1段99巷30號太陽光電發電廠,三義化學工業股份有限公司 桃園海湖廠,於 2026-04-29 移轉 30 MWh
南方電力股份有限公司,茂庭光電有限公司(臺中市新社區東湖街1段99巷30號太陽光電發電廠),南方電力股份有限公司,臺中市新社區東湖街1段99巷30號太陽光電發電廠,三義化學工業股份有限公司 桃園海湖廠,於 2026-05-20 移轉 15 MWh
南方電力股份有限公司,茂庭光電有限公司(臺中市新社區東湖街1段99巷30號太陽光電發電廠),南方電力股份有限公司,臺中市新社區東湖街1段99巷30號太陽光電發電廠,晟銘電子科技股份有限公司,於 2026-03-04 移轉 1.68 MWh
南方電力股份有限公司,茂庭光電有限公司(臺中市新社區東湖街1段99巷30號太陽光電發電廠),南方電力股份有限公司,臺中市新社區東湖街1段99巷30號太陽光電發電廠,晟銘電子科技股份有限公司,於 2026-04-22 移轉 1.846 MWh
南方電力股份有限公司,茂庭光電有限公司(臺中市新社區東湖街1段99巷30號太陽光電發電廠),南方電力股份有限公司,臺中市新社區東湖街1段99巷30號太陽光電發電廠,晟銘電子科技股份有限公司,於 2026-05-20 移轉 4.692 MWh
南方電力股份有限公司,茂庭光電有限公司(屏東縣長治鄉德協村德新路84、84-2號太陽光電發電廠),南方電力股份有限公司,屏東縣長治鄉德協村德新路84、84-2號太陽光電發電廠,台灣積體電路製造股份有限公司,於 2026-04-22 移轉 155.912 MWh
南方電力股份有限公司,茂庭光電有限公司(屏東縣長治鄉德協村德新路84、84-2號太陽光電發電廠),南方電力股份有限公司,屏東縣長治鄉德協村德新路84、84-2號太陽光電發電廠,台灣積體電路製造股份有限公司,於 2026-05-20 移轉 108.664 MWh
南方電力股份有限公司,茂庭光電有限公司(高雄市橋頭區里林東路99號太陽光電發電廠),南方電力股份有限公司,高雄市橋頭區里林東路99號太陽光電發電廠,台灣積體電路製造股份有限公司,於 2026-04-22 移轉 49.619 MWh
南方電力股份有限公司,茂庭光電有限公司(高雄市橋頭區里林東路99號太陽光電發電廠),南方電力股份有限公司,高雄市橋頭區里林東路99號太陽光電發電廠,台灣積體電路製造股份有限公司,於 2026-05-20 移轉 34.024 MWh
南方電力股份有限公司,正昀能源科技有限公司(高雄市仁武區鳳仁路277之1號太陽光電發電廠),南方電力股份有限公司,高雄市仁武區鳳仁路277之1號太陽光電發電廠,永豐商業銀行股份有限公司,於 2026-03-04 移轉 10.304 MWh
南方電力股份有限公司,正昀能源科技有限公司(高雄市仁武區鳳仁路277之1號太陽光電發電廠),南方電力股份有限公司,高雄市仁武區鳳仁路277之1號太陽光電發電廠,永豐商業銀行股份有限公司,於 2026-04-01 移轉 7.761 MWh
南方電力股份有限公司,正昀能源科技有限公司(高雄市仁武區鳳仁路277之1號太陽光電發電廠),南方電力股份有限公司,高雄市仁武區鳳仁路277之1號太陽光電發電廠,永豐商業銀行股份有限公司,於 2026-05-20 移轉 11.694 MWh
南方電力股份有限公司,造得科技有限公司(屏東縣萬丹鄉廈北村北興路163號太陽光電發電廠),南方電力股份有限公司,屏東縣萬丹鄉廈北村北興路163號太陽光電發電廠,台灣積體電路製造股份有限公司,於 2026-04-22 移轉 16.408 MWh
南方電力股份有限公司,造得科技有限公司(屏東縣萬丹鄉廈北村北興路163號太陽光電發電廠),南方電力股份有限公司,屏東縣萬丹鄉廈北村北興路163號太陽光電發電廠,台灣積體電路製造股份有限公司,於 2026-05-20 移轉 11.169 MWh
南方電力股份有限公司,造得科技有限公司(屏東縣恆春鎮恒南路22之1號太陽光電發電廠),南方電力股份有限公司,屏東縣恆春鎮恒南路22之1號太陽光電發電廠,台灣積體電路製造股份有限公司,於 2026-04-22 移轉 9.353 MWh
南方電力股份有限公司,造得科技有限公司(屏東縣恆春鎮恒南路22之1號太陽光電發電廠),南方電力股份有限公司,屏東縣恆春鎮恒南路22之1號太陽光電發電廠,台灣積體電路製造股份有限公司,於 2026-05-20 移轉 7.872 MWh
南方電力股份有限公司,桓晶科技有限公司(桓晶太陽光電發電廠),南方電力股份有限公司,桓晶太陽光電發電廠,臺灣銀行股份有限公司,於 2026-03-25 移轉 13.3 MWh
南方電力股份有限公司,桓晶科技有限公司(桓晶太陽光電發電廠),南方電力股份有限公司,桓晶太陽光電發電廠,臺灣銀行股份有限公司,於 2026-04-01 移轉 12.426 MWh
南方電力股份有限公司,立豪投資股份有限公司(菇類栽培場太陽光電發電廠),南方電力股份有限公司,菇類栽培場太陽光電發電廠,京冠生物科技股份有限公司,於 2026-03-04 移轉 10.677 MWh
南方電力股份有限公司,立豪投資股份有限公司(菇類栽培場太陽光電發電廠),南方電力股份有限公司,菇類栽培場太陽光電發電廠,京冠生物科技股份有限公司,於 2026-04-01 移轉 12.604 MWh
南方電力股份有限公司,立豪投資股份有限公司(菇類栽培場太陽光電發電廠),南方電力股份有限公司,菇類栽培場太陽光電發電廠,京冠生物科技股份有限公司,於 2026-05-20 移轉 24.132 MWh
南方電力股份有限公司,立豪投資股份有限公司(菇類栽培場太陽光電發電廠),南方電力股份有限公司,菇類栽培場太陽光電發電廠,晟銘電子科技股份有限公司,於 2026-03-04 移轉 4.945 MWh
南方電力股份有限公司,立豪投資股份有限公司(菇類栽培場太陽光電發電廠),南方電力股份有限公司,菇類栽培場太陽光電發電廠,晟銘電子科技股份有限公司,於 2026-04-01 移轉 5.144 MWh
南方電力股份有限公司,立豪投資股份有限公司(菇類栽培場太陽光電發電廠),南方電力股份有限公司,菇類栽培場太陽光電發電廠,晟銘電子科技股份有限公司,於 2026-05-20 移轉 7.725 MWh
南方電力股份有限公司,立豪投資股份有限公司(菇類栽培場太陽光電發電廠),南方電力股份有限公司,菇類栽培場太陽光電發電廠,松和工業股份有限公司,於 2026-03-04 移轉 10 MWh
南方電力股份有限公司,立豪投資股份有限公司(菇類栽培場太陽光電發電廠),南方電力股份有限公司,菇類栽培場太陽光電發電廠,松和工業股份有限公司,於 2026-04-01 移轉 10 MWh
南方電力股份有限公司,立豪投資股份有限公司(宏泰國際太陽光電發電廠),南方電力股份有限公司,宏泰國際太陽光電發電廠,臺灣銀行股份有限公司,於 2026-03-25 移轉 14.42 MWh
南方電力股份有限公司,立豪投資股份有限公司(宏泰國際太陽光電發電廠),南方電力股份有限公司,宏泰國際太陽光電發電廠,臺灣銀行股份有限公司,於 2026-04-01 移轉 13.951 MWh
南方電力股份有限公司,立豪投資股份有限公司(鈺陞興業太陽光電發電廠),南方電力股份有限公司,鈺陞興業太陽光電發電廠,臺灣銀行股份有限公司,於 2026-03-25 移轉 41.222 MWh
南方電力股份有限公司,立豪投資股份有限公司(鈺陞興業太陽光電發電廠),南方電力股份有限公司,鈺陞興業太陽光電發電廠,臺灣銀行股份有限公司,於 2026-04-01 移轉 36.539 MWh
南方電力股份有限公司,豐光潔能有限公司(豐光潔能-王秀菁太陽光電發電廠),南方電力股份有限公司,豐光潔能-王秀菁太陽光電發電廠,台灣積體電路製造股份有限公司,於 2026-04-22 移轉 55.534 MWh
南方電力股份有限公司,豐光潔能有限公司(豐光潔能-王秀菁太陽光電發電廠),南方電力股份有限公司,豐光潔能-王秀菁太陽光電發電廠,台灣積體電路製造股份有限公司,於 2026-05-20 移轉 36.722 MWh
南方電力股份有限公司,光旭盈科技股份有限公司(豐光潔能-田清廉太陽光電發電廠),南方電力股份有限公司,豐光潔能-田清廉太陽光電發電廠,台灣積體電路製造股份有限公司,於 2026-04-22 移轉 78.727 MWh
南方電力股份有限公司,光旭盈科技股份有限公司(豐光潔能-田清廉太陽光電發電廠),南方電力股份有限公司,豐光潔能-田清廉太陽光電發電廠,台灣積體電路製造股份有限公司,於 2026-05-20 移轉 51.993 MWh
南方電力股份有限公司,神州工程有限公司(神州龜山太陽光電發電廠),南方電力股份有限公司,神州龜山太陽光電發電廠,台灣積體電路製造股份有限公司,於 2026-04-22 移轉 31.804 MWh
南方電力股份有限公司,神州工程有限公司(神州龜山太陽光電發電廠),南方電力股份有限公司,神州龜山太陽光電發電廠,台灣積體電路製造股份有限公司,於 2026-05-20 移轉 18.885 MWh
南方電力股份有限公司,立豪投資股份有限公司(車樂美太陽光電發電廠),南方電力股份有限公司,車樂美太陽光電發電廠,臺灣銀行股份有限公司,於 2026-03-25 移轉 26.618 MWh
南方電力股份有限公司,立豪投資股份有限公司(車樂美太陽光電發電廠),南方電力股份有限公司,車樂美太陽光電發電廠,臺灣銀行股份有限公司,於 2026-04-01 移轉 26.658 MWh
南方電力股份有限公司,立豪投資股份有限公司(信源產業太陽光電發電廠),南方電力股份有限公司,信源產業太陽光電發電廠,臺灣銀行股份有限公司,於 2026-03-25 移轉 21.282 MWh
南方電力股份有限公司,立豪投資股份有限公司(信源產業太陽光電發電廠),南方電力股份有限公司,信源產業太陽光電發電廠,臺灣銀行股份有限公司,於 2026-04-01 移轉 19.649 MWh
南方電力股份有限公司,立豪投資股份有限公司(展碩太陽光電發電廠),南方電力股份有限公司,展碩太陽光電發電廠,臺灣銀行股份有限公司,於 2026-03-25 移轉 15.497 MWh
南方電力股份有限公司,立豪投資股份有限公司(展碩太陽光電發電廠),南方電力股份有限公司,展碩太陽光電發電廠,臺灣銀行股份有限公司,於 2026-04-01 移轉 15.225 MWh
南方電力股份有限公司,立豪投資股份有限公司(台灣格瑞特工業太陽光電發電廠),南方電力股份有限公司,台灣格瑞特工業太陽光電發電廠,臺灣銀行股份有限公司,於 2026-03-05 移轉 18.901 MWh
南方電力股份有限公司,立豪投資股份有限公司(台灣格瑞特工業太陽光電發電廠),南方電力股份有限公司,台灣格瑞特工業太陽光電發電廠,臺灣銀行股份有限公司,於 2026-03-25 移轉 65.579 MWh
南方電力股份有限公司,立豪投資股份有限公司(台灣格瑞特工業太陽光電發電廠),南方電力股份有限公司,台灣格瑞特工業太陽光電發電廠,臺灣銀行股份有限公司,於 2026-04-01 移轉 76.444 MWh
南方電力股份有限公司,立豪投資股份有限公司(英發企業二廠太陽光電發電廠),南方電力股份有限公司,英發企業二廠太陽光電發電廠,臺灣銀行股份有限公司,於 2026-03-25 移轉 19.119 MWh
南方電力股份有限公司,立豪投資股份有限公司(英發企業二廠太陽光電發電廠),南方電力股份有限公司,英發企業二廠太陽光電發電廠,臺灣銀行股份有限公司,於 2026-04-01 移轉 18.205 MWh
南方電力股份有限公司,立豪投資股份有限公司(友基工業太陽光電發電廠),南方電力股份有限公司,友基工業太陽光電發電廠,臺灣銀行股份有限公司,於 2026-03-25 移轉 14.297 MWh
南方電力股份有限公司,立豪投資股份有限公司(友基工業太陽光電發電廠),南方電力股份有限公司,友基工業太陽光電發電廠,臺灣銀行股份有限公司,於 2026-04-01 移轉 13.846 MWh
南方電力股份有限公司,泓錠能源股份有限公司(泓錠-青年國中腳踏車棚太陽光電發電廠),南方電力股份有限公司,泓錠-青年國中腳踏車棚太陽光電發電廠,台灣積體電路製造股份有限公司,於 2026-04-22 移轉 24.603 MWh
南方電力股份有限公司,泓錠能源股份有限公司(泓錠-青年國中腳踏車棚太陽光電發電廠),南方電力股份有限公司,泓錠-青年國中腳踏車棚太陽光電發電廠,台灣積體電路製造股份有限公司,於 2026-05-20 移轉 16.968 MWh
南方電力股份有限公司,泓錠能源股份有限公司(泓錠-青年國中汽車停車場太陽光電發電廠),南方電力股份有限公司,泓錠-青年國中汽車停車場太陽光電發電廠,台灣積體電路製造股份有限公司,於 2026-04-22 移轉 26.443 MWh
南方電力股份有限公司,泓錠能源股份有限公司(泓錠-青年國中汽車停車場太陽光電發電廠),南方電力股份有限公司,泓錠-青年國中汽車停車場太陽光電發電廠,台灣積體電路製造股份有限公司,於 2026-05-20 移轉 18.434 MWh
南方電力股份有限公司,泓錠能源股份有限公司(泓錠-青年國中籃球場太陽光電發電廠),南方電力股份有限公司,泓錠-青年國中籃球場太陽光電發電廠,台灣積體電路製造股份有限公司,於 2026-04-22 移轉 41.005 MWh
南方電力股份有限公司,泓錠能源股份有限公司(泓錠-青年國中籃球場太陽光電發電廠),南方電力股份有限公司,泓錠-青年國中籃球場太陽光電發電廠,台灣積體電路製造股份有限公司,於 2026-05-20 移轉 29.215 MWh
南方電力股份有限公司,旭瀅科技有限公司(旭瀅陳二游太陽光電發電廠),南方電力股份有限公司,旭瀅陳二游太陽光電發電廠,台灣積體電路製造股份有限公司,於 2026-04-22 移轉 34.625 MWh
南方電力股份有限公司,旭瀅科技有限公司(旭瀅陳二游太陽光電發電廠),南方電力股份有限公司,旭瀅陳二游太陽光電發電廠,台灣積體電路製造股份有限公司,於 2026-05-20 移轉 23.351 MWh
南方電力股份有限公司,旭瀅科技有限公司(旭瀅趙振良太陽光電發電廠),南方電力股份有限公司,旭瀅趙振良太陽光電發電廠,台灣積體電路製造股份有限公司,於 2026-04-22 移轉 16.627 MWh
南方電力股份有限公司,旭瀅科技有限公司(旭瀅趙振良太陽光電發電廠),南方電力股份有限公司,旭瀅趙振良太陽光電發電廠,台灣積體電路製造股份有限公司,於 2026-05-20 移轉 11.189 MWh
南方電力股份有限公司,十源工程有限公司(十源加祿段太陽光電發電廠),南方電力股份有限公司,十源加祿段太陽光電發電廠,臺灣銀行股份有限公司,於 2026-03-05 移轉 0.001 MWh
南方電力股份有限公司,十源工程有限公司(十源加祿段太陽光電發電廠),南方電力股份有限公司,十源加祿段太陽光電發電廠,臺灣銀行股份有限公司,於 2026-03-25 移轉 83.699 MWh
南方電力股份有限公司,十源工程有限公司(十源加祿段太陽光電發電廠),南方電力股份有限公司,十源加祿段太陽光電發電廠,臺灣銀行股份有限公司,於 2026-04-01 移轉 78.24 MWh
南方電力股份有限公司,十源工程有限公司(十源加祿段太陽光電發電廠),南方電力股份有限公司,十源加祿段太陽光電發電廠,臺灣銀行股份有限公司,於 2026-05-20 移轉 0.001 MWh
南方電力股份有限公司,世華國際投資股份有限公司(世華國際太陽光電發電廠),南方電力股份有限公司,世華國際太陽光電發電廠,台灣積體電路製造股份有限公司,於 2026-04-22 移轉 46.257 MWh
南方電力股份有限公司,世華國際投資股份有限公司(世華國際太陽光電發電廠),南方電力股份有限公司,世華國際太陽光電發電廠,台灣積體電路製造股份有限公司,於 2026-05-20 移轉 32.002 MWh
南方電力股份有限公司,通滿晶綠能有限公司(通滿晶-花海段800-2),南方電力股份有限公司,通滿晶-花海段800-2,台灣積體電路製造股份有限公司,於 2026-04-22 移轉 22.879 MWh
南方電力股份有限公司,通滿晶綠能有限公司(通滿晶-花海段800-2),南方電力股份有限公司,通滿晶-花海段800-2,台灣積體電路製造股份有限公司,於 2026-05-20 移轉 14.328 MWh
南方電力股份有限公司,通滿晶綠能有限公司(通滿晶-花海段799-2),南方電力股份有限公司,通滿晶-花海段799-2,台灣積體電路製造股份有限公司,於 2026-04-22 移轉 43.636 MWh
南方電力股份有限公司,通滿晶綠能有限公司(通滿晶-花海段799-2),南方電力股份有限公司,通滿晶-花海段799-2,台灣積體電路製造股份有限公司,於 2026-05-20 移轉 27.336 MWh
南方電力股份有限公司,碩能有限公司(碩能太陽光電發電廠),南方電力股份有限公司,碩能太陽光電發電廠,台灣積體電路製造股份有限公司,於 2026-04-22 移轉 85.041 MWh
南方電力股份有限公司,碩能有限公司(碩能太陽光電發電廠),南方電力股份有限公司,碩能太陽光電發電廠,台灣積體電路製造股份有限公司,於 2026-05-20 移轉 53.949 MWh
南方電力股份有限公司,遠鴻綠能地產開發有限公司(遠鴻綠能地產太陽光電發電廠),南方電力股份有限公司,遠鴻綠能地產太陽光電發電廠,友訊科技股份有限公司,於 2026-03-04 移轉 17.818 MWh
南方電力股份有限公司,遠鴻綠能地產開發有限公司(遠鴻綠能地產太陽光電發電廠),南方電力股份有限公司,遠鴻綠能地產太陽光電發電廠,友訊科技股份有限公司,於 2026-04-01 移轉 18.465 MWh
南方電力股份有限公司,遠鴻綠能地產開發有限公司(遠鴻綠能地產太陽光電發電廠),南方電力股份有限公司,遠鴻綠能地產太陽光電發電廠,友訊科技股份有限公司,於 2026-05-20 移轉 23.868 MWh
南方電力股份有限公司,夏天能源有限公司(夏天能源太陽光電發電廠),南方電力股份有限公司,夏天能源太陽光電發電廠,台灣積體電路製造股份有限公司,於 2026-03-04 移轉 0.001 MWh
南方電力股份有限公司,夏天能源有限公司(夏天能源太陽光電發電廠),南方電力股份有限公司,夏天能源太陽光電發電廠,台灣積體電路製造股份有限公司,於 2026-04-22 移轉 24.4 MWh
南方電力股份有限公司,夏天能源有限公司(夏天能源太陽光電發電廠),南方電力股份有限公司,夏天能源太陽光電發電廠,台灣積體電路製造股份有限公司,於 2026-05-20 移轉 31.904 MWh
南方電力股份有限公司,柏克能源股份有限公司(柏克能源太陽光電發電廠),南方電力股份有限公司,柏克能源太陽光電發電廠,台灣積體電路製造股份有限公司,於 2026-04-22 移轉 47.552 MWh
南方電力股份有限公司,柏克能源股份有限公司(柏克能源太陽光電發電廠),南方電力股份有限公司,柏克能源太陽光電發電廠,台灣積體電路製造股份有限公司,於 2026-05-20 移轉 32.888 MWh
南方電力股份有限公司,日昇電能源科技股份有限公司(安南太陽光電發電廠),南方電力股份有限公司,安南太陽光電發電廠,晟銘電子科技股份有限公司,於 2026-03-25 移轉 5.689 MWh
南方電力股份有限公司,日昇電能源科技股份有限公司(安南太陽光電發電廠),南方電力股份有限公司,安南太陽光電發電廠,晟銘電子科技股份有限公司,於 2026-04-01 移轉 4.432 MWh
南方電力股份有限公司,日昇電能源科技股份有限公司(安南太陽光電發電廠),南方電力股份有限公司,安南太陽光電發電廠,晟銘電子科技股份有限公司,於 2026-05-20 移轉 6.023 MWh
南方電力股份有限公司,日昇電能源科技股份有限公司(壽豐太陽光電發電廠),南方電力股份有限公司,壽豐太陽光電發電廠,桂盟企業股份有限公司,於 2026-03-04 移轉 28.932 MWh
南方電力股份有限公司,日昇電能源科技股份有限公司(壽豐太陽光電發電廠),南方電力股份有限公司,壽豐太陽光電發電廠,桂盟企業股份有限公司,於 2026-04-01 移轉 30.163 MWh
南方電力股份有限公司,日昇電能源科技股份有限公司(壽豐太陽光電發電廠),南方電力股份有限公司,壽豐太陽光電發電廠,桂盟企業股份有限公司,於 2026-05-20 移轉 37.957 MWh
南方電力股份有限公司,金氏科訊股份有限公司(金氏大停車場太陽光電發電廠),南方電力股份有限公司,金氏大停車場太陽光電發電廠,晟銘電子科技股份有限公司,於 2026-04-22 移轉 1.517 MWh
南方電力股份有限公司,金氏科訊股份有限公司(金氏大停車場太陽光電發電廠),南方電力股份有限公司,金氏大停車場太陽光電發電廠,晟銘電子科技股份有限公司,於 2026-05-20 移轉 1.013 MWh
南方電力股份有限公司,立豪投資有限公司(華菱冷氣太陽光電發電廠),南方電力股份有限公司,華菱冷氣太陽光電發電廠,臺灣銀行股份有限公司,於 2026-03-25 移轉 34.377 MWh
南方電力股份有限公司,立豪投資有限公司(華菱冷氣太陽光電發電廠),南方電力股份有限公司,華菱冷氣太陽光電發電廠,臺灣銀行股份有限公司,於 2026-04-01 移轉 31.431 MWh
南方電力股份有限公司,泓錠能源股份有限公司(泓錠鼓山國小太陽光電發電廠),南方電力股份有限公司,泓錠鼓山國小太陽光電發電廠,台灣積體電路製造股份有限公司,於 2026-05-20 移轉 14.217 MWh
南方電力股份有限公司,泓錠能源股份有限公司(泓錠勝利國小太陽光電發電廠),南方電力股份有限公司,泓錠勝利國小太陽光電發電廠,台灣積體電路製造股份有限公司,於 2026-05-20 移轉 44.026 MWh
南方電力股份有限公司,泓錠能源股份有限公司(泓錠興糖國小(案123)太陽光電發電廠),南方電力股份有限公司,泓錠興糖國小(案123)太陽光電發電廠,台灣積體電路製造股份有限公司,於 2026-05-20 移轉 61.172 MWh
南方電力股份有限公司,泓錠能源股份有限公司(泓錠興糖國小(案123)太陽光電發電廠),南方電力股份有限公司,泓錠興糖國小(案123)太陽光電發電廠,月眉國際開發股份有限公司,於 2026-04-01 移轉 38.185 MWh
南方電力股份有限公司,旭瀅科技有限公司(旭瀅上崙太陽光電發電廠),南方電力股份有限公司,旭瀅上崙太陽光電發電廠,台灣積體電路製造股份有限公司,於 2026-04-22 移轉 24.685 MWh
南方電力股份有限公司,旭瀅科技有限公司(旭瀅上崙太陽光電發電廠),南方電力股份有限公司,旭瀅上崙太陽光電發電廠,台灣積體電路製造股份有限公司,於 2026-05-20 移轉 15.872 MWh
南方電力股份有限公司,泓錠能源股份有限公司(泓錠興糖國小(案4)太陽光電發電廠),南方電力股份有限公司,泓錠興糖國小(案4)太陽光電發電廠,台灣積體電路製造股份有限公司,於 2026-05-20 移轉 10.861 MWh
南方電力股份有限公司,泓錠能源股份有限公司(泓錠興糖國小(案4)太陽光電發電廠),南方電力股份有限公司,泓錠興糖國小(案4)太陽光電發電廠,高雄興亞股份有限公司,於 2026-04-01 移轉 4.657 MWh
南方電力股份有限公司,洋亨企業有限公司(洋亨萬巒鄉太陽光電發電廠),南方電力股份有限公司,洋亨萬巒鄉太陽光電發電廠,精誠資訊股份有限公司,於 2026-05-20 移轉 22.6 MWh
南方電力股份有限公司,洋亨企業有限公司(洋亨萬巒鄉太陽光電發電廠),南方電力股份有限公司,洋亨萬巒鄉太陽光電發電廠,雷尼紹股份有限公司,於 2026-05-20 移轉 3.021 MWh
南方電力股份有限公司,永順商業有限公司(永順仁武太陽光電發電廠),南方電力股份有限公司,永順仁武太陽光電發電廠,台灣積體電路製造股份有限公司,於 2026-04-22 移轉 46.555 MWh
南方電力股份有限公司,永順商業有限公司(永順仁武太陽光電發電廠),南方電力股份有限公司,永順仁武太陽光電發電廠,台灣積體電路製造股份有限公司,於 2026-05-20 移轉 31.541 MWh
南方電力股份有限公司,夏天能源有限公司(夏天能源(77.08kw)太陽光電發電廠),南方電力股份有限公司,夏天能源(77.08kw)太陽光電發電廠,台灣積體電路製造股份有限公司,於 2026-05-20 移轉 7.78 MWh
南方電力股份有限公司,迎輝科技股份有限公司(迎輝本廠&停車場太陽光電發電場),南方電力股份有限公司,迎輝本廠&停車場太陽光電發電場,台灣積體電路製造股份有限公司,於 2026-05-20 移轉 125.948 MWh
南方電力股份有限公司,迎輝科技股份有限公司(迎輝二廠太陽光電發電場),南方電力股份有限公司,迎輝二廠太陽光電發電場,台灣積體電路製造股份有限公司,於 2026-05-20 移轉 56.198 MWh
南方電力股份有限公司,東海青科技股份有限公司(東海青太陽光電發電場),南方電力股份有限公司,東海青太陽光電發電場,台灣積體電路製造股份有限公司,於 2026-05-20 移轉 49.101 MWh
南方電力股份有限公司,永順商業有限公司(永順鳳山太陽光電發電廠),南方電力股份有限公司,永順鳳山太陽光電發電廠,台灣積體電路製造股份有限公司,於 2026-03-04 移轉 15.617 MWh
南方電力股份有限公司,永順商業有限公司(永順鳳山太陽光電發電廠),南方電力股份有限公司,永順鳳山太陽光電發電廠,台灣積體電路製造股份有限公司,於 2026-04-01 移轉 16.528 MWh
南方電力股份有限公司,永順商業有限公司(永順鳳山太陽光電發電廠),南方電力股份有限公司,永順鳳山太陽光電發電廠,台灣積體電路製造股份有限公司,於 2026-05-20 移轉 23.126 MWh
南方電力股份有限公司,洋亨企業有限公司(洋亨新埤太陽光電發電場),南方電力股份有限公司,洋亨新埤太陽光電發電場,晟銘電子科技股份有限公司,於 2026-04-01 移轉 2.567 MWh
南方電力股份有限公司,洋亨企業有限公司(洋亨新埤太陽光電發電場),南方電力股份有限公司,洋亨新埤太陽光電發電場,晟銘電子科技股份有限公司,於 2026-05-20 移轉 3.718 MWh
博曜電力股份有限公司,沈尚弘(心忠學甲第一型太陽光電發電廠),博曜電力股份有限公司,心忠學甲第一型太陽光電發電廠,台達電子工業股份有限公司,於 2026-03-04 移轉 734.268 MWh
博曜電力股份有限公司,沈尚弘(心忠學甲第一型太陽光電發電廠),博曜電力股份有限公司,心忠學甲第一型太陽光電發電廠,台達電子工業股份有限公司,於 2026-04-01 移轉 630.033 MWh
博曜電力股份有限公司,沈尚弘(心忠學甲第一型太陽光電發電廠),博曜電力股份有限公司,心忠學甲第一型太陽光電發電廠,台達電子工業股份有限公司,於 2026-05-20 移轉 872.105 MWh
博曜電力股份有限公司,沈尚弘(心忠學甲第一型太陽光電發電廠),博曜電力股份有限公司,心忠學甲第一型太陽光電發電廠,乾坤科技股份有限公司,於 2026-03-04 移轉 247.096 MWh
博曜電力股份有限公司,沈尚弘(心忠學甲第一型太陽光電發電廠),博曜電力股份有限公司,心忠學甲第一型太陽光電發電廠,乾坤科技股份有限公司,於 2026-04-01 移轉 230.685 MWh
博曜電力股份有限公司,沈尚弘(心忠學甲第一型太陽光電發電廠),博曜電力股份有限公司,心忠學甲第一型太陽光電發電廠,乾坤科技股份有限公司,於 2026-05-20 移轉 288.874 MWh
博曜電力股份有限公司,沈尚弘(心忠學甲第一型太陽光電發電廠),博曜電力股份有限公司,心忠學甲第一型太陽光電發電廠,遊戲橘子數位科技股份有限公司,於 2026-03-04 移轉 39.639 MWh
博曜電力股份有限公司,沈尚弘(心忠學甲第一型太陽光電發電廠),博曜電力股份有限公司,心忠學甲第一型太陽光電發電廠,遊戲橘子數位科技股份有限公司,於 2026-04-01 移轉 42.946 MWh
博曜電力股份有限公司,沈尚弘(心忠學甲第一型太陽光電發電廠),博曜電力股份有限公司,心忠學甲第一型太陽光電發電廠,遊戲橘子數位科技股份有限公司,於 2026-05-20 移轉 52.57 MWh
博曜電力股份有限公司,沈尚弘(心忠學甲第一型太陽光電發電廠),博曜電力股份有限公司,心忠學甲第一型太陽光電發電廠,晶睿通訊股份有限公司,於 2026-03-04 移轉 29.475 MWh
博曜電力股份有限公司,沈尚弘(心忠學甲第一型太陽光電發電廠),博曜電力股份有限公司,心忠學甲第一型太陽光電發電廠,晶睿通訊股份有限公司,於 2026-04-01 移轉 23.522 MWh
博曜電力股份有限公司,沈尚弘(心忠學甲第一型太陽光電發電廠),博曜電力股份有限公司,心忠學甲第一型太陽光電發電廠,晶睿通訊股份有限公司,於 2026-05-20 移轉 32.245 MWh
博曜電力股份有限公司,冠越科技工程股份有限公司(隆茂太陽光電發電廠),博曜電力股份有限公司,隆茂太陽光電發電廠,遊戲橘子數位科技股份有限公司,於 2026-03-04 移轉 33.949 MWh
博曜電力股份有限公司,冠越科技工程股份有限公司(隆茂太陽光電發電廠),博曜電力股份有限公司,隆茂太陽光電發電廠,遊戲橘子數位科技股份有限公司,於 2026-04-01 移轉 36.274 MWh
博曜電力股份有限公司,冠越科技工程股份有限公司(隆茂太陽光電發電廠),博曜電力股份有限公司,隆茂太陽光電發電廠,遊戲橘子數位科技股份有限公司,於 2026-05-20 移轉 49.009 MWh
厚固光電股份有限公司,(崙尾東二號電廠),厚固光電股份有限公司,崙尾東二號電廠,聯華電子股份有限公司,"於 2026-03-11 移轉 8,246.579 MWh"
厚固光電股份有限公司,(崙尾東二號電廠),厚固光電股份有限公司,崙尾東二號電廠,聯華電子股份有限公司,"於 2026-04-08 移轉 8,700.78 MWh"
厚固光電股份有限公司,(崙尾東二號電廠),厚固光電股份有限公司,崙尾東二號電廠,聯華電子股份有限公司,"於 2026-05-20 移轉 11,423.91 MWh"
原生新能源股份有限公司,(原生新能源太陽光電發電廠),原生新能源股份有限公司,原生新能源太陽光電發電廠,原生智動股份有限公司,於 2026-03-05 移轉 0.327 MWh
原生新能源股份有限公司,(原生新能源太陽光電發電廠),原生新能源股份有限公司,原生新能源太陽光電發電廠,原生智動股份有限公司,於 2026-04-15 移轉 0.399 MWh
原生新能源股份有限公司,(原生新能源太陽光電發電廠),原生新能源股份有限公司,原生新能源太陽光電發電廠,原生智動股份有限公司,於 2026-05-20 移轉 0.4 MWh
友達電力股份有限公司,創勁綠能股份有限公司(創勁-大華國中),友達電力股份有限公司,創勁-大華國中,達興材料股份有限公司,於 2026-03-04 移轉 15 MWh
友達電力股份有限公司,創勁綠能股份有限公司(創勁-大華國中),友達電力股份有限公司,創勁-大華國中,達興材料股份有限公司,於 2026-04-01 移轉 15 MWh
友達電力股份有限公司,創勁綠能股份有限公司(創勁-大華國中),友達電力股份有限公司,創勁-大華國中,達興材料股份有限公司,於 2026-05-20 移轉 12 MWh
台康日能科技股份有限公司,(高雄典寶溪滯洪池),台康日能科技股份有限公司,高雄典寶溪滯洪池,科德寶遠東股份有限公司,於 2026-03-25 移轉 149.936 MWh
台康日能科技股份有限公司,(高雄典寶溪滯洪池),台康日能科技股份有限公司,高雄典寶溪滯洪池,科德寶遠東股份有限公司,於 2026-05-13 移轉 159.948 MWh
台康日能科技股份有限公司,(高雄典寶溪滯洪池),台康日能科技股份有限公司,高雄典寶溪滯洪池,科德寶遠東股份有限公司,於 2026-05-20 移轉 190 MWh
台康日能科技股份有限公司,(嘉義溪墘滯洪池),台康日能科技股份有限公司,嘉義溪墘滯洪池,緯創資通股份有限公司,於 2026-03-25 移轉 802.208 MWh
台康日能科技股份有限公司,(嘉義溪墘滯洪池),台康日能科技股份有限公司,嘉義溪墘滯洪池,緯創資通股份有限公司,於 2026-05-13 移轉 938.632 MWh
台康日能科技股份有限公司,(嘉義溪墘滯洪池),台康日能科技股份有限公司,嘉義溪墘滯洪池,緯創資通股份有限公司,"於 2026-05-20 移轉 1,342.955 MWh"
台汽電綠能股份有限公司,苗栗風力股份有限公司(竹南風力發電廠),台汽電綠能股份有限公司,竹南風力發電廠,台灣積體電路製造股份有限公司,於 2026-04-15 移轉 49.771 MWh
台汽電綠能股份有限公司,苗栗風力股份有限公司(竹南風力發電廠),台汽電綠能股份有限公司,竹南風力發電廠,台灣積體電路製造股份有限公司,於 2026-04-22 移轉 239.861 MWh
台汽電綠能股份有限公司,苗栗風力股份有限公司(竹南風力發電廠),台汽電綠能股份有限公司,竹南風力發電廠,台灣積體電路製造股份有限公司,於 2026-05-13 移轉 19.59 MWh
台汽電綠能股份有限公司,苗栗風力股份有限公司(竹南風力發電廠),台汽電綠能股份有限公司,竹南風力發電廠,台灣積體電路製造股份有限公司,"於 2026-05-20 移轉 1,073.646 MWh"
台汽電綠能股份有限公司,苗栗風力股份有限公司(大鵬風力發電廠),台汽電綠能股份有限公司,大鵬風力發電廠,台灣積體電路製造股份有限公司,於 2026-04-15 移轉 377.124 MWh
台汽電綠能股份有限公司,苗栗風力股份有限公司(大鵬風力發電廠),台汽電綠能股份有限公司,大鵬風力發電廠,台灣積體電路製造股份有限公司,"於 2026-04-22 移轉 2,262.273 MWh"
台汽電綠能股份有限公司,苗栗風力股份有限公司(大鵬風力發電廠),台汽電綠能股份有限公司,大鵬風力發電廠,台灣積體電路製造股份有限公司,於 2026-05-13 移轉 131.698 MWh
台汽電綠能股份有限公司,苗栗風力股份有限公司(大鵬風力發電廠),台汽電綠能股份有限公司,大鵬風力發電廠,台灣積體電路製造股份有限公司,"於 2026-05-20 移轉 7,471.43 MWh"
台汽電綠能股份有限公司,鑫光電能有限公司(鑫光電能有限公司),台汽電綠能股份有限公司,鑫光電能有限公司,台灣固網股份有限公司,於 2026-03-11 移轉 269.283 MWh
台汽電綠能股份有限公司,鑫光電能有限公司(鑫光電能有限公司),台汽電綠能股份有限公司,鑫光電能有限公司,台灣固網股份有限公司,於 2026-04-15 移轉 262.323 MWh
台汽電綠能股份有限公司,鑫光電能有限公司(鑫光電能有限公司),台汽電綠能股份有限公司,鑫光電能有限公司,台灣固網股份有限公司,於 2026-05-20 移轉 365.981 MWh
台汽電綠能股份有限公司,鑫光電能有限公司(鑫光電能有限公司),台汽電綠能股份有限公司,鑫光電能有限公司,財團法人台灣綜合研究院,於 2026-03-11 移轉 2.385 MWh
台汽電綠能股份有限公司,鑫光電能有限公司(鑫光電能有限公司),台汽電綠能股份有限公司,鑫光電能有限公司,財團法人台灣綜合研究院,於 2026-04-15 移轉 2.141 MWh
台汽電綠能股份有限公司,鑫光電能有限公司(鑫光電能有限公司),台汽電綠能股份有限公司,鑫光電能有限公司,財團法人台灣綜合研究院,於 2026-05-20 移轉 2.824 MWh
台汽電綠能股份有限公司,鑫光電能有限公司(鑫光電能有限公司),台汽電綠能股份有限公司,鑫光電能有限公司,財團法人中華民國證券櫃檯買賣中心,於 2026-03-11 移轉 22.072 MWh
台汽電綠能股份有限公司,鑫光電能有限公司(鑫光電能有限公司),台汽電綠能股份有限公司,鑫光電能有限公司,財團法人中華民國證券櫃檯買賣中心,於 2026-04-15 移轉 21.387 MWh
台汽電綠能股份有限公司,鑫光電能有限公司(鑫光電能有限公司),台汽電綠能股份有限公司,鑫光電能有限公司,財團法人中華民國證券櫃檯買賣中心,於 2026-05-20 移轉 29.189 MWh
台汽電綠能股份有限公司,鑫光電能有限公司(鑫光電能有限公司),台汽電綠能股份有限公司,鑫光電能有限公司,台北富邦商業銀行股份有限公司,於 2026-03-11 移轉 40.399 MWh
台汽電綠能股份有限公司,鑫光電能有限公司(鑫光電能有限公司),台汽電綠能股份有限公司,鑫光電能有限公司,台北富邦商業銀行股份有限公司,於 2026-04-15 移轉 39.355 MWh
台汽電綠能股份有限公司,鑫光電能有限公司(鑫光電能有限公司),台汽電綠能股份有限公司,鑫光電能有限公司,台北富邦商業銀行股份有限公司,於 2026-05-20 移轉 53.24 MWh
台汽電綠能股份有限公司,星寶電力股份有限公司(星寶風力發電廠),台汽電綠能股份有限公司,星寶風力發電廠,台灣固網股份有限公司,"於 2026-03-18 移轉 1,109.496 MWh"
台汽電綠能股份有限公司,星寶電力股份有限公司(星寶風力發電廠),台汽電綠能股份有限公司,星寶風力發電廠,台灣固網股份有限公司,於 2026-04-22 移轉 647.159 MWh
台汽電綠能股份有限公司,星寶電力股份有限公司(星寶風力發電廠),台汽電綠能股份有限公司,星寶風力發電廠,台灣固網股份有限公司,於 2026-05-20 移轉 658.383 MWh
台汽電綠能股份有限公司,星寶電力股份有限公司(星寶風力發電廠),台汽電綠能股份有限公司,星寶風力發電廠,台灣大哥大股份有限公司,於 2026-03-11 移轉 1.612 MWh
台汽電綠能股份有限公司,星寶電力股份有限公司(星寶風力發電廠),台汽電綠能股份有限公司,星寶風力發電廠,台灣大哥大股份有限公司,於 2026-03-18 移轉 252.847 MWh
台汽電綠能股份有限公司,星寶電力股份有限公司(星寶風力發電廠),台汽電綠能股份有限公司,星寶風力發電廠,台灣大哥大股份有限公司,於 2026-04-15 移轉 4.341 MWh
台汽電綠能股份有限公司,星寶電力股份有限公司(星寶風力發電廠),台汽電綠能股份有限公司,星寶風力發電廠,台灣大哥大股份有限公司,於 2026-04-22 移轉 154.419 MWh
台汽電綠能股份有限公司,星寶電力股份有限公司(星寶風力發電廠),台汽電綠能股份有限公司,星寶風力發電廠,台灣大哥大股份有限公司,於 2026-05-20 移轉 173.789 MWh
台汽電綠能股份有限公司,嘉南實業股份有限公司(烏山頭水力發電廠),台汽電綠能股份有限公司,烏山頭水力發電廠,采鈺科技股份有限公司,"於 2026-03-18 移轉 1,707.274 MWh"
台汽電綠能股份有限公司,嘉南實業股份有限公司(烏山頭水力發電廠),台汽電綠能股份有限公司,烏山頭水力發電廠,采鈺科技股份有限公司,"於 2026-04-15 移轉 2,877.097 MWh"
台汽電綠能股份有限公司,嘉南實業股份有限公司(烏山頭水力發電廠),台汽電綠能股份有限公司,烏山頭水力發電廠,采鈺科技股份有限公司,"於 2026-05-20 移轉 2,906.231 MWh"
台汽電綠能股份有限公司,嘉南實業股份有限公司(烏山頭水力發電廠),台汽電綠能股份有限公司,烏山頭水力發電廠,華美光學科技股份有限公司,於 2026-04-15 移轉 208.332 MWh
台汽電綠能股份有限公司,華洋電業開發股份有限公司(力麗企業廠房屋頂太陽光電發電廠),台汽電綠能股份有限公司,力麗企業廠房屋頂太陽光電發電廠,台灣優衣庫有限公司,於 2026-03-11 移轉 135.9 MWh
台汽電綠能股份有限公司,華洋電業開發股份有限公司(力麗企業廠房屋頂太陽光電發電廠),台汽電綠能股份有限公司,力麗企業廠房屋頂太陽光電發電廠,台灣優衣庫有限公司,於 2026-04-15 移轉 144.113 MWh
台汽電綠能股份有限公司,華洋電業開發股份有限公司(力麗企業廠房屋頂太陽光電發電廠),台汽電綠能股份有限公司,力麗企業廠房屋頂太陽光電發電廠,台灣優衣庫有限公司,於 2026-05-20 移轉 187.318 MWh
台汽電綠能股份有限公司,天機電力股份有限公司(天機電力股份有限公司),台汽電綠能股份有限公司,天機電力股份有限公司,協勝發鋼鐵廠股份有限公司,於 2026-03-18 移轉 261.832 MWh
台汽電綠能股份有限公司,天機電力股份有限公司(天機電力股份有限公司),台汽電綠能股份有限公司,天機電力股份有限公司,協勝發鋼鐵廠股份有限公司,於 2026-04-15 移轉 304.855 MWh
台汽電綠能股份有限公司,天機電力股份有限公司(天機電力股份有限公司),台汽電綠能股份有限公司,天機電力股份有限公司,協勝發鋼鐵廠股份有限公司,於 2026-05-20 移轉 347.107 MWh
台汽電綠能股份有限公司,天機電力股份有限公司(天機電力股份有限公司),台汽電綠能股份有限公司,天機電力股份有限公司,欣銓科技股份有限公司,於 2026-03-11 移轉 697.943 MWh
台汽電綠能股份有限公司,天機電力股份有限公司(天機電力股份有限公司),台汽電綠能股份有限公司,天機電力股份有限公司,欣銓科技股份有限公司,於 2026-04-15 移轉 812.727 MWh
台汽電綠能股份有限公司,天機電力股份有限公司(天機電力股份有限公司),台汽電綠能股份有限公司,天機電力股份有限公司,欣銓科技股份有限公司,於 2026-05-20 移轉 925.367 MWh
台汽電綠能股份有限公司,天機電力股份有限公司(天機電力股份有限公司),台汽電綠能股份有限公司,天機電力股份有限公司,台北富邦商業銀行股份有限公司,於 2026-03-11 移轉 139.556 MWh
台汽電綠能股份有限公司,天機電力股份有限公司(天機電力股份有限公司),台汽電綠能股份有限公司,天機電力股份有限公司,台北富邦商業銀行股份有限公司,於 2026-04-15 移轉 161.41 MWh
台汽電綠能股份有限公司,天機電力股份有限公司(天機電力股份有限公司),台汽電綠能股份有限公司,天機電力股份有限公司,台北富邦商業銀行股份有限公司,於 2026-05-20 移轉 181.072 MWh
台汽電綠能股份有限公司,天機電力股份有限公司(天機電力股份有限公司),台汽電綠能股份有限公司,天機電力股份有限公司,瑞健股份有限公司,於 2026-03-11 移轉 69.917 MWh
台汽電綠能股份有限公司,天機電力股份有限公司(天機電力股份有限公司),台汽電綠能股份有限公司,天機電力股份有限公司,瑞健股份有限公司,於 2026-04-15 移轉 81.404 MWh
台汽電綠能股份有限公司,天機電力股份有限公司(天機電力股份有限公司),台汽電綠能股份有限公司,天機電力股份有限公司,瑞健股份有限公司,於 2026-05-20 移轉 92.687 MWh
台汽電綠能股份有限公司,天機電力股份有限公司(天機電力股份有限公司),台汽電綠能股份有限公司,天機電力股份有限公司,台灣國際航電股份有限公司,於 2026-03-25 移轉 34.816 MWh
台汽電綠能股份有限公司,天機電力股份有限公司(天機電力股份有限公司),台汽電綠能股份有限公司,天機電力股份有限公司,台灣國際航電股份有限公司,於 2026-04-15 移轉 40.539 MWh
台汽電綠能股份有限公司,天機電力股份有限公司(天機電力股份有限公司),台汽電綠能股份有限公司,天機電力股份有限公司,台灣國際航電股份有限公司,於 2026-05-20 移轉 46.156 MWh
台汽電綠能股份有限公司,星曄綠能股份有限公司(烏山頭水庫水面型太陽光電發電系統),台汽電綠能股份有限公司,烏山頭水庫水面型太陽光電發電系統,協勝發鋼鐵廠股份有限公司,於 2026-03-18 移轉 114.367 MWh
台汽電綠能股份有限公司,星曄綠能股份有限公司(烏山頭水庫水面型太陽光電發電系統),台汽電綠能股份有限公司,烏山頭水庫水面型太陽光電發電系統,協勝發鋼鐵廠股份有限公司,於 2026-04-15 移轉 111.543 MWh
台汽電綠能股份有限公司,星曄綠能股份有限公司(烏山頭水庫水面型太陽光電發電系統),台汽電綠能股份有限公司,烏山頭水庫水面型太陽光電發電系統,協勝發鋼鐵廠股份有限公司,於 2026-05-20 移轉 130.62 MWh
台汽電綠能股份有限公司,星曄綠能股份有限公司(烏山頭水庫水面型太陽光電發電系統),台汽電綠能股份有限公司,烏山頭水庫水面型太陽光電發電系統,台北富邦商業銀行股份有限公司,於 2026-03-11 移轉 169.554 MWh
台汽電綠能股份有限公司,星曄綠能股份有限公司(烏山頭水庫水面型太陽光電發電系統),台汽電綠能股份有限公司,烏山頭水庫水面型太陽光電發電系統,台北富邦商業銀行股份有限公司,於 2026-04-15 移轉 165.368 MWh
台汽電綠能股份有限公司,星曄綠能股份有限公司(烏山頭水庫水面型太陽光電發電系統),台汽電綠能股份有限公司,烏山頭水庫水面型太陽光電發電系統,台北富邦商業銀行股份有限公司,於 2026-05-20 移轉 193.65 MWh
台汽電綠能股份有限公司,星曄綠能股份有限公司(烏山頭水庫水面型太陽光電發電系統),台汽電綠能股份有限公司,烏山頭水庫水面型太陽光電發電系統,大統益股份有限公司,於 2026-03-11 移轉 73.298 MWh
台汽電綠能股份有限公司,星曄綠能股份有限公司(烏山頭水庫水面型太陽光電發電系統),台汽電綠能股份有限公司,烏山頭水庫水面型太陽光電發電系統,大統益股份有限公司,於 2026-04-15 移轉 71.488 MWh
台汽電綠能股份有限公司,星曄綠能股份有限公司(烏山頭水庫水面型太陽光電發電系統),台汽電綠能股份有限公司,烏山頭水庫水面型太陽光電發電系統,大統益股份有限公司,於 2026-05-20 移轉 83.714 MWh
台汽電綠能股份有限公司,星曄綠能股份有限公司(烏山頭水庫水面型太陽光電發電系統),台汽電綠能股份有限公司,烏山頭水庫水面型太陽光電發電系統,瑞健股份有限公司,於 2026-03-11 移轉 364.064 MWh
台汽電綠能股份有限公司,星曄綠能股份有限公司(烏山頭水庫水面型太陽光電發電系統),台汽電綠能股份有限公司,烏山頭水庫水面型太陽光電發電系統,瑞健股份有限公司,於 2026-04-15 移轉 353.861 MWh
台汽電綠能股份有限公司,星曄綠能股份有限公司(烏山頭水庫水面型太陽光電發電系統),台汽電綠能股份有限公司,烏山頭水庫水面型太陽光電發電系統,瑞健股份有限公司,於 2026-05-20 移轉 415.801 MWh
台汽電綠能股份有限公司,星曄綠能股份有限公司(烏山頭水庫水面型太陽光電發電系統),台汽電綠能股份有限公司,烏山頭水庫水面型太陽光電發電系統,台灣國際航電股份有限公司,於 2026-03-25 移轉 166.56 MWh
台汽電綠能股份有限公司,星曄綠能股份有限公司(烏山頭水庫水面型太陽光電發電系統),台汽電綠能股份有限公司,烏山頭水庫水面型太陽光電發電系統,台灣國際航電股份有限公司,於 2026-04-15 移轉 162.445 MWh
台汽電綠能股份有限公司,星曄綠能股份有限公司(烏山頭水庫水面型太陽光電發電系統),台汽電綠能股份有限公司,烏山頭水庫水面型太陽光電發電系統,台灣國際航電股份有限公司,於 2026-05-20 移轉 190.23 MWh
台汽電綠能股份有限公司,華晶能源股份有限公司(華晶12),台汽電綠能股份有限公司,華晶12,炎洲股份有限公司薄膜廠,於 2026-03-11 移轉 28.161 MWh
台汽電綠能股份有限公司,華晶能源股份有限公司(華晶12),台汽電綠能股份有限公司,華晶12,炎洲股份有限公司薄膜廠,於 2026-04-15 移轉 28.27 MWh
台汽電綠能股份有限公司,華晶能源股份有限公司(華晶12),台汽電綠能股份有限公司,華晶12,炎洲股份有限公司薄膜廠,於 2026-05-20 移轉 39.457 MWh
台汽電綠能股份有限公司,桃旭電力股份有限公司(桃旭電力東和鋼鐵2),台汽電綠能股份有限公司,桃旭電力東和鋼鐵2,友達光電股份有限公司,於 2026-03-11 移轉 112.322 MWh
台汽電綠能股份有限公司,桃旭電力股份有限公司(桃旭電力東和鋼鐵2),台汽電綠能股份有限公司,桃旭電力東和鋼鐵2,友達光電股份有限公司,於 2026-04-15 移轉 113.775 MWh
台汽電綠能股份有限公司,桃旭電力股份有限公司(桃旭電力東和鋼鐵2),台汽電綠能股份有限公司,桃旭電力東和鋼鐵2,友達光電股份有限公司,於 2026-05-20 移轉 154.052 MWh
台汽電綠能股份有限公司,桃旭電力股份有限公司(桃旭電力正隆造紙(燕巢)),台汽電綠能股份有限公司,桃旭電力正隆造紙(燕巢),友達光電股份有限公司,於 2026-03-11 移轉 406.812 MWh
台汽電綠能股份有限公司,桃旭電力股份有限公司(桃旭電力正隆造紙(燕巢)),台汽電綠能股份有限公司,桃旭電力正隆造紙(燕巢),友達光電股份有限公司,於 2026-04-15 移轉 396.798 MWh
台汽電綠能股份有限公司,桃旭電力股份有限公司(桃旭電力正隆造紙(燕巢)),台汽電綠能股份有限公司,桃旭電力正隆造紙(燕巢),友達光電股份有限公司,於 2026-05-20 移轉 553.712 MWh
台汽電綠能股份有限公司,南陽電業股份有限公司(南陽電業北門),台汽電綠能股份有限公司,南陽電業北門,友達光電股份有限公司,於 2026-03-11 移轉 531.169 MWh
台汽電綠能股份有限公司,南陽電業股份有限公司(南陽電業北門),台汽電綠能股份有限公司,南陽電業北門,友達光電股份有限公司,於 2026-04-15 移轉 567.311 MWh
台汽電綠能股份有限公司,南陽電業股份有限公司(南陽電業北門),台汽電綠能股份有限公司,南陽電業北門,友達光電股份有限公司,於 2026-05-20 移轉 785.703 MWh
台汽電綠能股份有限公司,弘泰電力股份有限公司(弘泰電力群創T2),台汽電綠能股份有限公司,弘泰電力群創T2,友達光電股份有限公司,於 2026-03-11 移轉 391.903 MWh
台汽電綠能股份有限公司,弘泰電力股份有限公司(弘泰電力群創T2),台汽電綠能股份有限公司,弘泰電力群創T2,友達光電股份有限公司,於 2026-04-15 移轉 421.668 MWh
台汽電綠能股份有限公司,弘泰電力股份有限公司(弘泰電力群創T2),台汽電綠能股份有限公司,弘泰電力群創T2,友達光電股份有限公司,於 2026-05-20 移轉 512.929 MWh
台汽電綠能股份有限公司,旭忠能源股份有限公司(旭忠能源正新橡膠1-1、1-2、1-3),台汽電綠能股份有限公司,旭忠能源正新橡膠1-1、1-2、1-3,友達光電股份有限公司,於 2026-03-11 移轉 120.326 MWh
台汽電綠能股份有限公司,旭忠能源股份有限公司(旭忠能源正新橡膠1-1、1-2、1-3),台汽電綠能股份有限公司,旭忠能源正新橡膠1-1、1-2、1-3,友達光電股份有限公司,於 2026-04-15 移轉 144.768 MWh
台汽電綠能股份有限公司,旭忠能源股份有限公司(旭忠能源正新橡膠1-1、1-2、1-3),台汽電綠能股份有限公司,旭忠能源正新橡膠1-1、1-2、1-3,友達光電股份有限公司,於 2026-05-20 移轉 179.133 MWh
台汽電綠能股份有限公司,旭忠能源股份有限公司(旭忠能源正新橡膠2-1、2-2),台汽電綠能股份有限公司,旭忠能源正新橡膠2-1、2-2,友達光電股份有限公司,於 2026-03-11 移轉 72.444 MWh
台汽電綠能股份有限公司,旭忠能源股份有限公司(旭忠能源正新橡膠2-1、2-2),台汽電綠能股份有限公司,旭忠能源正新橡膠2-1、2-2,友達光電股份有限公司,於 2026-04-15 移轉 90.355 MWh
台汽電綠能股份有限公司,旭忠能源股份有限公司(旭忠能源正新橡膠2-1、2-2),台汽電綠能股份有限公司,旭忠能源正新橡膠2-1、2-2,友達光電股份有限公司,於 2026-05-20 移轉 111.041 MWh
台汽電綠能股份有限公司,旭忠能源股份有限公司(旭忠能源正新橡膠3),台汽電綠能股份有限公司,旭忠能源正新橡膠3,友達光電股份有限公司,於 2026-03-11 移轉 27.294 MWh
台汽電綠能股份有限公司,旭忠能源股份有限公司(旭忠能源正新橡膠3),台汽電綠能股份有限公司,旭忠能源正新橡膠3,友達光電股份有限公司,於 2026-04-15 移轉 33.327 MWh
台汽電綠能股份有限公司,旭忠能源股份有限公司(旭忠能源正新橡膠3),台汽電綠能股份有限公司,旭忠能源正新橡膠3,友達光電股份有限公司,於 2026-05-20 移轉 41.537 MWh
台汽電綠能股份有限公司,旭忠能源股份有限公司(旭忠能源正新橡膠4),台汽電綠能股份有限公司,旭忠能源正新橡膠4,友達光電股份有限公司,於 2026-03-11 移轉 9.802 MWh
台汽電綠能股份有限公司,旭忠能源股份有限公司(旭忠能源正新橡膠4),台汽電綠能股份有限公司,旭忠能源正新橡膠4,友達光電股份有限公司,於 2026-04-15 移轉 12.975 MWh
台汽電綠能股份有限公司,旭忠能源股份有限公司(旭忠能源正新橡膠4),台汽電綠能股份有限公司,旭忠能源正新橡膠4,友達光電股份有限公司,於 2026-05-20 移轉 17.264 MWh
台汽電綠能股份有限公司,旭忠能源股份有限公司(旭忠能源和美整治地),台汽電綠能股份有限公司,旭忠能源和美整治地,友達光電股份有限公司,於 2026-03-11 移轉 44.094 MWh
台汽電綠能股份有限公司,旭忠能源股份有限公司(旭忠能源和美整治地),台汽電綠能股份有限公司,旭忠能源和美整治地,友達光電股份有限公司,於 2026-04-15 移轉 48.039 MWh
台汽電綠能股份有限公司,旭忠能源股份有限公司(旭忠能源和美整治地),台汽電綠能股份有限公司,旭忠能源和美整治地,友達光電股份有限公司,於 2026-05-20 移轉 66.078 MWh
台汽電綠能股份有限公司,弘泰能源股份有限公司(弘泰能源群創T1(1~4)),台汽電綠能股份有限公司,弘泰能源群創T1(1~4),協勝發鋼鐵廠股份有限公司,於 2026-03-11 移轉 0.016 MWh
台灣碳資產電業股份有限公司,存量能源股份有限公司(存量能源-台中靖鎰電廠),台灣碳資產電業股份有限公司,存量能源-台中靖鎰電廠,華南商業銀行股份有限公司,於 2026-03-04 移轉 24.474 MWh
台灣碳資產電業股份有限公司,存量能源股份有限公司(存量能源-台中靖鎰電廠),台灣碳資產電業股份有限公司,存量能源-台中靖鎰電廠,華南商業銀行股份有限公司,於 2026-04-01 移轉 25.134 MWh
台灣碳資產電業股份有限公司,存量能源股份有限公司(存量能源-台中靖鎰電廠),台灣碳資產電業股份有限公司,存量能源-台中靖鎰電廠,華南商業銀行股份有限公司,於 2026-05-20 移轉 35.363 MWh
台灣碳資產電業股份有限公司,存量能源股份有限公司(存量能源-台中壯佳果電廠),台灣碳資產電業股份有限公司,存量能源-台中壯佳果電廠,華南商業銀行股份有限公司,於 2026-03-04 移轉 83.804 MWh
台灣碳資產電業股份有限公司,存量能源股份有限公司(存量能源-台中壯佳果電廠),台灣碳資產電業股份有限公司,存量能源-台中壯佳果電廠,華南商業銀行股份有限公司,於 2026-04-01 移轉 89.354 MWh
台灣碳資產電業股份有限公司,存量能源股份有限公司(存量能源-台中壯佳果電廠),台灣碳資產電業股份有限公司,存量能源-台中壯佳果電廠,華南商業銀行股份有限公司,於 2026-05-20 移轉 117.013 MWh
台灣碳資產電業股份有限公司,存量能源股份有限公司(彰化全興創新GSK地面型案),台灣碳資產電業股份有限公司,彰化全興創新GSK地面型案,華南商業銀行股份有限公司,於 2026-03-04 移轉 6.882 MWh
台灣碳資產電業股份有限公司,存量能源股份有限公司(彰化全興創新GSK地面型案),台灣碳資產電業股份有限公司,彰化全興創新GSK地面型案,華南商業銀行股份有限公司,於 2026-04-01 移轉 7.544 MWh
台灣碳資產電業股份有限公司,存量能源股份有限公司(彰化全興創新GSK地面型案),台灣碳資產電業股份有限公司,彰化全興創新GSK地面型案,華南商業銀行股份有限公司,於 2026-05-20 移轉 10.875 MWh
台灣碳資產電業股份有限公司,傑能光電系統有限公司(元長李雲石1期 & 2期),台灣碳資產電業股份有限公司,元長李雲石1期 & 2期,北港武德宮,於 2026-03-04 移轉 36.081 MWh
台灣碳資產電業股份有限公司,大昇科技有限公司(猴子園),台灣碳資產電業股份有限公司,猴子園,中友百貨股份有限公司,於 2026-03-04 移轉 11.865 MWh
台灣碳資產電業股份有限公司,大昇科技有限公司(猴子園),台灣碳資產電業股份有限公司,猴子園,中友百貨股份有限公司,於 2026-04-01 移轉 12.783 MWh
台灣碳資產電業股份有限公司,大昇科技有限公司(猴子園),台灣碳資產電業股份有限公司,猴子園,中友百貨股份有限公司,於 2026-05-20 移轉 15.374 MWh
台灣碳資產電業股份有限公司,萬陽能源科技股份有限公司(奇磐大里廠),台灣碳資產電業股份有限公司,奇磐大里廠,廣獲企業股份有限公司,於 2026-03-04 移轉 8.452 MWh
台灣碳資產電業股份有限公司,萬陽能源科技股份有限公司(奇磐大里廠),台灣碳資產電業股份有限公司,奇磐大里廠,廣獲企業股份有限公司,於 2026-04-01 移轉 7.456 MWh
台灣碳資產電業股份有限公司,萬陽能源科技股份有限公司(奇磐大里廠),台灣碳資產電業股份有限公司,奇磐大里廠,廣獲企業股份有限公司,於 2026-05-20 移轉 10.37 MWh
台灣碳資產電業股份有限公司,永豐太陽能能源有限公司(林振源),台灣碳資產電業股份有限公司,林振源,大豐膠囊工業股份有限公司,於 2026-03-04 移轉 8.643 MWh
台灣碳資產電業股份有限公司,永豐太陽能能源有限公司(林振源),台灣碳資產電業股份有限公司,林振源,大豐膠囊工業股份有限公司,於 2026-04-01 移轉 8.804 MWh
台灣碳資產電業股份有限公司,永豐太陽能能源有限公司(林振源),台灣碳資產電業股份有限公司,林振源,大豐膠囊工業股份有限公司,於 2026-05-20 移轉 9.442 MWh
台灣碳資產電業股份有限公司,永豐太陽能能源有限公司(瑞峰藝術彩鏡有限公司-2期),台灣碳資產電業股份有限公司,瑞峰藝術彩鏡有限公司-2期,大豐膠囊工業股份有限公司,於 2026-03-04 移轉 2.414 MWh
台灣碳資產電業股份有限公司,永豐太陽能能源有限公司(瑞峰藝術彩鏡有限公司-2期),台灣碳資產電業股份有限公司,瑞峰藝術彩鏡有限公司-2期,大豐膠囊工業股份有限公司,於 2026-04-01 移轉 2.496 MWh
台灣碳資產電業股份有限公司,永豐太陽能能源有限公司(瑞峰藝術彩鏡有限公司-2期),台灣碳資產電業股份有限公司,瑞峰藝術彩鏡有限公司-2期,大豐膠囊工業股份有限公司,於 2026-05-20 移轉 2.558 MWh
台灣碳資產電業股份有限公司,六維有限公司(六維南投),台灣碳資產電業股份有限公司,六維南投,台灣伊莎貝爾食品股份有限公司,於 2026-03-04 移轉 13.873 MWh
台灣碳資產電業股份有限公司,六維有限公司(六維南投),台灣碳資產電業股份有限公司,六維南投,台灣伊莎貝爾食品股份有限公司,於 2026-04-01 移轉 14.281 MWh
台灣碳資產電業股份有限公司,六維有限公司(六維南投),台灣碳資產電業股份有限公司,六維南投,台灣伊莎貝爾食品股份有限公司,於 2026-05-20 移轉 19.185 MWh
台灣碳資產電業股份有限公司,炬陽能源有限公司(周茂霖),台灣碳資產電業股份有限公司,周茂霖,誌建企業股份有限公司,於 2026-03-04 移轉 45.384 MWh
台灣碳資產電業股份有限公司,炬陽能源有限公司(周茂霖),台灣碳資產電業股份有限公司,周茂霖,誌建企業股份有限公司,於 2026-04-01 移轉 40.152 MWh
台灣碳資產電業股份有限公司,炬陽能源有限公司(周茂霖),台灣碳資產電業股份有限公司,周茂霖,誌建企業股份有限公司,於 2026-05-20 移轉 54.959 MWh
台灣碳資產電業股份有限公司,銘光綠能有限公司(吳秉昌),台灣碳資產電業股份有限公司,吳秉昌,廣獲企業股份有限公司,於 2026-03-04 移轉 26.867 MWh
台灣碳資產電業股份有限公司,銘光綠能有限公司(吳秉昌),台灣碳資產電業股份有限公司,吳秉昌,廣獲企業股份有限公司,於 2026-04-01 移轉 21.286 MWh
台灣碳資產電業股份有限公司,銘光綠能有限公司(吳秉昌),台灣碳資產電業股份有限公司,吳秉昌,廣獲企業股份有限公司,於 2026-05-20 移轉 29.327 MWh
台灣碳資產電業股份有限公司,銘峻企業社(渡子頭99場),台灣碳資產電業股份有限公司,渡子頭99場,廣獲企業股份有限公司,於 2026-03-04 移轉 9.892 MWh
台灣碳資產電業股份有限公司,銘峻企業社(渡子頭99場),台灣碳資產電業股份有限公司,渡子頭99場,廣獲企業股份有限公司,於 2026-04-01 移轉 8.675 MWh
台灣碳資產電業股份有限公司,銘峻企業社(渡子頭99場),台灣碳資產電業股份有限公司,渡子頭99場,廣獲企業股份有限公司,於 2026-05-20 移轉 12.039 MWh
台灣碳資產電業股份有限公司,存量能源股份有限公司(福東段477地號(一) (二) (三)),台灣碳資產電業股份有限公司,福東段477地號(一) (二) (三),高雄銀行股份有限公司,於 2026-03-04 移轉 37.82 MWh
台灣碳資產電業股份有限公司,存量能源股份有限公司(福東段477地號(一) (二) (三)),台灣碳資產電業股份有限公司,福東段477地號(一) (二) (三),高雄銀行股份有限公司,於 2026-04-01 移轉 29.929 MWh
台灣碳資產電業股份有限公司,存量能源股份有限公司(福東段477地號(一) (二) (三)),台灣碳資產電業股份有限公司,福東段477地號(一) (二) (三),高雄銀行股份有限公司,於 2026-05-13 移轉 5.384 MWh
台灣碳資產電業股份有限公司,存量能源股份有限公司(福東段477地號(一) (二) (三)),台灣碳資產電業股份有限公司,福東段477地號(一) (二) (三),高雄銀行股份有限公司,於 2026-05-20 移轉 53.466 MWh
台灣艾貴太陽能源股份有限公司,(台灣艾貴義竹發電廠),台灣艾貴太陽能源股份有限公司,台灣艾貴義竹發電廠,台灣積體電路製造股份有限公司,於 2026-03-25 移轉 18.562 MWh
台灣艾貴太陽能源股份有限公司,(台灣艾貴義竹發電廠),台灣艾貴太陽能源股份有限公司,台灣艾貴義竹發電廠,台灣積體電路製造股份有限公司,"於 2026-04-01 移轉 2,164.156 MWh"
台灣艾貴太陽能源股份有限公司,(台灣艾貴義竹發電廠),台灣艾貴太陽能源股份有限公司,台灣艾貴義竹發電廠,台灣積體電路製造股份有限公司,於 2026-04-08 移轉 112.222 MWh
台灣艾貴太陽能源股份有限公司,(台灣艾貴義竹發電廠),台灣艾貴太陽能源股份有限公司,台灣艾貴義竹發電廠,台灣積體電路製造股份有限公司,"於 2026-04-15 移轉 1,071.505 MWh"
台灣艾貴太陽能源股份有限公司,(台灣艾貴義竹發電廠),台灣艾貴太陽能源股份有限公司,台灣艾貴義竹發電廠,台灣積體電路製造股份有限公司,"於 2026-04-22 移轉 6,009.084 MWh"
台灣艾貴太陽能源股份有限公司,(台灣艾貴義竹發電廠),台灣艾貴太陽能源股份有限公司,台灣艾貴義竹發電廠,台灣積體電路製造股份有限公司,於 2026-04-29 移轉 335.962 MWh
台灣艾貴太陽能源股份有限公司,(台灣艾貴義竹發電廠),台灣艾貴太陽能源股份有限公司,台灣艾貴義竹發電廠,台灣積體電路製造股份有限公司,"於 2026-05-13 移轉 5,546.632 MWh"
台灣艾貴太陽能源股份有限公司,(台灣艾貴義竹發電廠),台灣艾貴太陽能源股份有限公司,台灣艾貴義竹發電廠,台灣積體電路製造股份有限公司,"於 2026-05-20 移轉 4,147.817 MWh"
台灣速力綠能股份有限公司,(速力綠能芳苑發電廠第二機組),台灣速力綠能股份有限公司,速力綠能芳苑發電廠第二機組,世界先進積體電路股份有限公司,於 2026-03-25 移轉 356.896 MWh
台灣速力綠能股份有限公司,(速力綠能芳苑發電廠第二機組),台灣速力綠能股份有限公司,速力綠能芳苑發電廠第二機組,世界先進積體電路股份有限公司,於 2026-04-08 移轉 380.636 MWh
台灣速力綠能股份有限公司,(速力綠能芳苑發電廠第二機組),台灣速力綠能股份有限公司,速力綠能芳苑發電廠第二機組,世界先進積體電路股份有限公司,於 2026-05-20 移轉 472.071 MWh
台灣速力綠能股份有限公司,(速力綠能芳苑發電廠第一機組),台灣速力綠能股份有限公司,速力綠能芳苑發電廠第一機組,世界先進積體電路股份有限公司,於 2026-03-25 移轉 484.979 MWh
台灣速力綠能股份有限公司,(速力綠能芳苑發電廠第一機組),台灣速力綠能股份有限公司,速力綠能芳苑發電廠第一機組,世界先進積體電路股份有限公司,於 2026-04-08 移轉 485.656 MWh
台灣速力綠能股份有限公司,(速力綠能芳苑發電廠第一機組),台灣速力綠能股份有限公司,速力綠能芳苑發電廠第一機組,世界先進積體電路股份有限公司,於 2026-05-20 移轉 625.672 MWh
台達能源股份有限公司,豐澕能環股份有限公司(食水嵙溪小水力發電廠),台達能源股份有限公司,食水嵙溪小水力發電廠,欣銓科技股份有限公司,於 2026-03-11 移轉 21.222 MWh
台達能源股份有限公司,豐澕能環股份有限公司(食水嵙溪小水力發電廠),台達能源股份有限公司,食水嵙溪小水力發電廠,欣銓科技股份有限公司,於 2026-04-22 移轉 54.767 MWh
名竣綠能股份有限公司,名竣能源科技股份有限公司(台南市柳營區義士路一段373號發電廠),名竣綠能股份有限公司,台南市柳營區義士路一段373號發電廠,名竣能源科技股份有限公司,於 2026-05-13 移轉 1.99 MWh
和潤電力股份有限公司,和潤電能股份有限公司(彰化汙染地1064號380.16kW地面型太陽光電),和潤電力股份有限公司,彰化汙染地1064號380.16kW地面型太陽光電,和潤企業股份有限公司,於 2026-03-19 移轉 0.235 MWh
和潤電力股份有限公司,和潤電能股份有限公司(彰化汙染地2174號320.76kW地面型太陽光電),和潤電力股份有限公司,彰化汙染地2174號320.76kW地面型太陽光電,和潤企業股份有限公司,於 2026-03-19 移轉 23.951 MWh
和潤電力股份有限公司,和潤電能股份有限公司(彰化汙染地2194號487.08kW地面型太陽光電),和潤電力股份有限公司,彰化汙染地2194號487.08kW地面型太陽光電,和潤企業股份有限公司,於 2026-03-19 移轉 0.6 MWh
嘉南實業股份有限公司,(西口水力發電廠),嘉南實業股份有限公司,西口水力發電廠,台灣積體電路製造股份有限公司,於 2026-03-11 移轉 358.03 MWh
嘉南實業股份有限公司,(西口水力發電廠),嘉南實業股份有限公司,西口水力發電廠,台灣積體電路製造股份有限公司,"於 2026-04-01 移轉 2,732.813 MWh"
嘉南實業股份有限公司,(西口水力發電廠),嘉南實業股份有限公司,西口水力發電廠,台灣積體電路製造股份有限公司,於 2026-04-08 移轉 191.361 MWh
嘉南實業股份有限公司,(西口水力發電廠),嘉南實業股份有限公司,西口水力發電廠,台灣積體電路製造股份有限公司,於 2026-04-15 移轉 48.224 MWh
嘉南實業股份有限公司,(西口水力發電廠),嘉南實業股份有限公司,西口水力發電廠,台灣積體電路製造股份有限公司,於 2026-04-22 移轉 653.429 MWh
嘉南實業股份有限公司,(西口水力發電廠),嘉南實業股份有限公司,西口水力發電廠,台灣積體電路製造股份有限公司,於 2026-04-29 移轉 568.637 MWh
嘉南實業股份有限公司,(西口水力發電廠),嘉南實業股份有限公司,西口水力發電廠,台灣積體電路製造股份有限公司,"於 2026-05-13 移轉 2,291.53 MWh"
嘉南實業股份有限公司,(西口水力發電廠),嘉南實業股份有限公司,西口水力發電廠,台灣積體電路製造股份有限公司,"於 2026-05-20 移轉 3,303.523 MWh"
國碩能源股份有限公司,聯碩能源股份有限公司(高雄榮民之家),國碩能源股份有限公司,高雄榮民之家,國碩科技工業股份有限公司,於 2026-05-13 移轉 8.123 MWh
國碩能源股份有限公司,聯碩能源股份有限公司(永欣益),國碩能源股份有限公司,永欣益,國碩科技工業股份有限公司,於 2026-05-13 移轉 6.466 MWh
