出售單位,發電設備,購買者,能源類型,移轉量(MWh),憑證發放年份,移轉日期
全日大林冷鏈股份有限公司,全日大林冷鏈股份有限公司,瑞銀證券投資信託股份有限公司,太陽能,9,2026,2026-06-02
萬家香醬園股份有限公司,萬家香一期,美商蘋果電子股份有限公司台灣分公司,太陽能,29.254,2026,2026-06-02
全日大林冷鏈股份有限公司,全日大林冷鏈股份有限公司,新加坡商瑞銀證券股份有限公司台北分公司,太陽能,36,2026,2026-06-02
全日大林冷鏈股份有限公司,全日大林冷鏈股份有限公司,瑞士商瑞士銀行股份有限公司台北分公司,太陽能,45,2026,2026-06-02
萬家香醬園股份有限公司,萬家香二期,美商蘋果電子股份有限公司台灣分公司,太陽能,50.711,2026,2026-06-02
萬家香醬園股份有限公司,萬家香三期,美商蘋果電子股份有限公司台灣分公司,太陽能,12.384,2026,2026-06-02
允強實業股份有限公司,斗六二廠,遠東國際商業銀行股份有限公司,太陽能,64,2026,2026-05-27
允強實業股份有限公司,斗六二廠,遠東國際商業銀行股份有限公司,太陽能,100,2026,2026-05-27
全日大林冷鏈股份有限公司,全日大林冷鏈股份有限公司,瑞士商瑞士銀行股份有限公司台中分公司,太陽能,1,2026,2026-05-27
至陽塑膠工業股份有限公司,至陽塑膠工業股份有限公司,富錡企業股份有限公司,太陽能,39.392,2026,2026-05-18
梧濟工業股份有限公司,梧濟工業股份有限公司,安謀國際科技股份有限公司,太陽能,69,2026,2026-05-09
聚陽實業股份有限公司,聚陽民雄廠太陽光電發電廠,安謀國際科技股份有限公司,太陽能,8,2026,2026-05-06
彰源企業股份有限公司,彰源企業-一廠,台灣艾司摩爾股份有限公司,太陽能,224,2026,2026-05-05
中華紙漿股份有限公司,中華紙漿股份有限公司花蓮廠,乾坤科技股份有限公司,生質能,"2,100",2026,2026-05-05
中華紙漿股份有限公司,中華紙漿股份有限公司花蓮廠,台達電子工業股份有限公司,生質能,"6,500",2026,2026-05-05
大光長榮機械股份有限公司,大光,安謀國際科技股份有限公司,太陽能,57,2026,2026-05-05
三榮科技股份有限公司,三榮科技股份有限公司,兆子星營造工程股份有限公司,太陽能,7,2026,2026-04-29
梧濟工業股份有限公司,梧濟工業股份有限公司四期,安謀國際科技股份有限公司,太陽能,18,2026,2026-04-27
梧濟工業股份有限公司,梧濟工業股份有限公司三期,安謀國際科技股份有限公司,太陽能,29,2026,2026-04-27
梧濟工業股份有限公司,梧濟工業股份有限公司二期,安謀國際科技股份有限公司,太陽能,23,2026,2026-04-27
台灣新日化股份有限公司,台灣新日化太陽能發電設備,安謀國際科技股份有限公司,太陽能,59,2026,2026-04-27
維鎮工業股份有限公司,維鎮,香港商雷夫羅倫有限公司台灣分公司,太陽能,42,2026,2026-04-24
強新工業股份有限公司,強新八廠,安謀國際科技股份有限公司,太陽能,36,2026,2026-04-24
中華紙漿股份有限公司,中華紙漿股份有限公司花蓮廠,中良工業股份有限公司,生質能,30,2026,2026-04-24
中華紙漿股份有限公司,中華紙漿股份有限公司花蓮廠,元太科技工業股份有限公司,生質能,300,2026,2026-04-14
強新工業股份有限公司,強新七廠,新加坡商輝達開發有限公司台灣分公司,太陽能,121,2026,2026-04-14
強新工業股份有限公司,強新六廠,新加坡商輝達開發有限公司台灣分公司,太陽能,65,2026,2026-04-14
強新工業股份有限公司,強新I倉,新加坡商輝達開發有限公司台灣分公司,太陽能,20,2026,2026-04-14
強新工業股份有限公司,強新五廠,新加坡商輝達開發有限公司台灣分公司,太陽能,69,2026,2026-04-14
強新工業股份有限公司,強新八廠,新加坡商輝達開發有限公司台灣分公司,太陽能,34,2026,2026-04-14
強新工業股份有限公司,強新二廠,新加坡商輝達開發有限公司台灣分公司,太陽能,164,2026,2026-04-14
安大科技股份有限公司,安大科技太陽光電系統工程,新加坡商輝達開發有限公司台灣分公司,太陽能,22,2026,2026-03-20
中華紙漿股份有限公司,中華紙漿股份有限公司花蓮廠,台達電子工業股份有限公司,生質能,"4,700",2026,2026-03-12
中華紙漿股份有限公司,中華紙漿股份有限公司花蓮廠,元太科技工業股份有限公司,生質能,400,2026,2026-03-12
英特盛科技股份有限公司,廠區一1635.9KW,台灣艾司摩爾股份有限公司,太陽能,915,2025,2026-06-03
英特盛科技股份有限公司,宿舍123.88KW,台灣艾司摩爾股份有限公司,太陽能,61,2025,2026-06-03
英特盛科技股份有限公司,廠區二1021.44KW,台灣艾司摩爾股份有限公司,太陽能,559,2025,2026-06-03
英特盛科技股份有限公司,宿舍66.12KW,台灣艾司摩爾股份有限公司,太陽能,37,2025,2026-06-03
萬家香醬園股份有限公司,萬家香一期,美商蘋果電子股份有限公司台灣分公司,太陽能,102.945,2025,2026-06-02
萬家香醬園股份有限公司,萬家香二期,美商蘋果電子股份有限公司台灣分公司,太陽能,183.412,2025,2026-06-02
萬家香醬園股份有限公司,萬家香三期,美商蘋果電子股份有限公司台灣分公司,太陽能,81.573,2025,2026-06-02
旺欉鋁業有限公司,旺欉鋁業有限公司,美商默沙東藥廠股份有限公司台灣分公司,太陽能,52,2025,2026-05-30
永湖複合材料股份有限公司,永湖#1、永湖#2,美商默沙東藥廠股份有限公司台灣分公司,太陽能,326,2025,2026-05-30
永純化學工業股份有限公司,永純化學工業股份有限公司-永固廠,台灣羅氏醫療診斷設備股份有限公司,太陽能,72,2025,2026-05-29
日勝化工股份有限公司,南投縣南投市成功三路333-1.333-2號,瑞士商梅特勒托利多股份有限公司台灣分公司,太陽能,4,2025,2026-05-29
永純化學工業股份有限公司,永純化學工業股份有限公司-永固廠,羅氏大藥廠股份有限公司,太陽能,15,2025,2026-05-29
英特盛科技股份有限公司,廠區二1021.44KW,羅氏大藥廠股份有限公司,太陽能,282,2025,2026-05-29
英特盛科技股份有限公司,宿舍123.88KW,羅氏大藥廠股份有限公司,太陽能,10,2025,2026-05-29
日勝化工股份有限公司,六號倉,台灣培生教育出版股份有限公司,太陽能,8,2025,2026-05-29
永純化學工業股份有限公司,永純化學工業股份有限公司-永固廠,美商利惠國際有限公司台灣分公司,太陽能,40,2025,2026-05-29
日勝化工股份有限公司,南投縣南投市成功三路333-1.333-2號,美商高盛亞洲證券有限公司台北分公司,太陽能,5,2025,2026-05-29
日勝化工股份有限公司,南投縣南投市成功三路333-1.333-2號,美商高盛亞洲證券有限公司台北分公司,太陽能,10,2025,2026-05-29
日勝化工股份有限公司,六號倉,美商高盛亞洲證券有限公司台北分公司,太陽能,2,2025,2026-05-29
展輪工業股份有限公司,展輪工業股份有限公司,奧美廣告股份有限公司,太陽能,89,2025,2026-05-29
財團法人工業技術研究院-花蓮OMEGA ZONE,財團法人工業技術研究院-花蓮OMEGA ZONE,財團法人工業技術研究院,太陽能,12.909,2025,2026-05-29
展輪工業股份有限公司,展輪工業股份有限公司,美商高盛亞洲證券有限公司台北分公司,太陽能,167,2025,2026-05-29
高偉精密科技股份有限公司,高偉精密1期,羅氏大藥廠股份有限公司,太陽能,16,2025,2026-05-28
滿鑫漁具有限公司,滿鑫漁具,羅氏大藥廠股份有限公司,太陽能,89,2025,2026-05-28
高偉精密科技股份有限公司,高偉精密1期,台灣羅氏醫療診斷設備股份有限公司,太陽能,392,2025,2026-05-28
旭紘環保科技股份有限公司,旭紘環保科技股份有限公司,荷蘭商愛特思股份有限公司台灣分公司,太陽能,204,2025,2026-05-28
天力離岸風電科技股份有限公司,臺中廠(B棟)-195.5kWp太陽光電發電系統,荷蘭商愛特思股份有限公司台灣分公司,太陽能,5,2025,2026-05-28
財團法人工業技術研究院-六甲院區,財團法人工業技術研究院-六甲院區,財團法人工業技術研究院,太陽能,0.047,2025,2026-05-27
財團法人工業技術研究院-南創園區,財團法人工業技術研究院-南創園區,財團法人工業技術研究院,太陽能,0.892,2025,2026-05-27
財團法人工業技術研究院-中創園區,財團法人工業技術研究院-中創園區,財團法人工業技術研究院,太陽能,0.253,2025,2026-05-27
財團法人工業技術研究院-六甲院區,財團法人工業技術研究院-六甲院區83.49kW,財團法人工業技術研究院,太陽能,0.367,2025,2026-05-27
新泰工業股份有限公司,新泰-南青咯1188號電廠,羅技電子股份有限公司,太陽能,33,2025,2026-05-27
新泰工業股份有限公司,新泰-南青咯1188號電廠,台灣摩根士丹利證券股份有限公司,太陽能,119,2025,2026-05-27
僑雄實業股份有限公司,僑雄實業新北案場,高柏科技股份有限公司,太陽能,10,2025,2026-05-27
新泰工業股份有限公司,新泰-南青咯1188號電廠,安謀國際科技股份有限公司,太陽能,65,2025,2026-05-27
聚陽實業股份有限公司,聚陽民雄廠太陽光電發電廠,羅氏大藥廠股份有限公司,太陽能,31,2025,2026-05-27
如陽科技股份有限公司,如陽科技三場自發自用,荷蘭商愛特思股份有限公司台灣分公司,太陽能,102,2025,2026-05-27
財團法人工業技術研究院-光復院區,財團法人工業技術研究院-光復院區,財團法人工業技術研究院,太陽能,0.165,2025,2026-05-27
翊訊科技有限公司,翊訊科技有限公司,奧美廣告股份有限公司,太陽能,29,2025,2026-05-26
日勝化工股份有限公司,南投縣南投市成功三路333-1.333-2號,羅技電子股份有限公司,太陽能,34,2025,2026-05-26
裕益汽車股份有限公司,順益新竹,奧美廣告股份有限公司,太陽能,68,2025,2026-05-26
日勝化工股份有限公司,六號倉,美商高盛亞洲證券有限公司台北分公司,太陽能,1,2025,2026-05-26
泳富豪有限公司,泳富豪有限公司,美商高盛亞洲證券有限公司台北分公司,太陽能,111,2025,2026-05-25
維鎮工業股份有限公司,維鎮,荷蘭商愛特思股份有限公司普安貝兒台灣分公司,太陽能,442,2025,2026-05-22
大中鋼鐵股份有限公司,大中鋼鐵楊梅廠,奧美廣告股份有限公司,太陽能,316,2025,2026-05-20
中興電工機械股份有限公司,中興電工機械股份有限公司,荷蘭商愛特思股份有限公司台灣分公司,太陽能,"1,188",2025,2026-05-20
台灣化學纖維股份有限公司,台化新港公用廠苛化廠房及MGO倉庫,奧美廣告股份有限公司,太陽能,15,2025,2026-05-20
台灣化學纖維股份有限公司,台化新港公用廠保養工廠及苛化廠房,奧美廣告股份有限公司,太陽能,11,2025,2026-05-20
台灣化學纖維股份有限公司,台化新港PABS廠務大樓及原料倉庫,奧美廣告股份有限公司,太陽能,35,2025,2026-05-20
台灣化學纖維股份有限公司,台灣化學纖維股份有限公司三期,奧美廣告股份有限公司,太陽能,45,2025,2026-05-20
長耕國際股份有限公司,長耕國際股份有限公司,奧美廣告股份有限公司,太陽能,115,2025,2026-05-20
台灣化學纖維股份有限公司,台化新港原絲廠NF6廠房,奧美廣告股份有限公司,太陽能,32,2025,2026-05-20
裕益汽車股份有限公司,順益一期,奧美廣告股份有限公司,太陽能,303,2025,2026-05-18
越峯電子材料股份有限公司,越峯電子材料股份有限公司,奧美廣告股份有限公司,太陽能,95,2025,2026-05-18
光洋應用材料科技股份有限公司,光洋科機車棚,荷蘭商愛特思股份有限公司台灣分公司,太陽能,49,2025,2026-05-18
光洋應用材料科技股份有限公司,光洋科F棟&汽車停車場,荷蘭商愛特思股份有限公司台灣分公司,太陽能,119,2025,2026-05-18
大舜鈑金股份有限公司,大舜鈑金一期 太陽能模組,荷蘭商愛特思股份有限公司台灣分公司,太陽能,150,2025,2026-05-18
大舜鈑金股份有限公司,大舜鈑金三期太陽能模組,荷蘭商愛特思股份有限公司台灣分公司,太陽能,95,2025,2026-05-18
大舜鈑金股份有限公司,大舜鈑金二期太陽能模組,荷蘭商愛特思股份有限公司台灣分公司,太陽能,159,2025,2026-05-18
財團法人桃園市幸福社會福利基金會,幸福基金會太陽光電系統,台灣大哥大股份有限公司,太陽能,54,2025,2026-05-18
農友種苗股份有限公司,農友種苗,台灣優衣庫有限公司,太陽能,30,2025,2026-05-18
中華紙漿股份有限公司,中華紙漿股份有限公司花蓮廠,帝斯曼營養品股份有限公司,生質能,50,2025,2026-05-18
裕益汽車股份有限公司,順益一期,羅技電子股份有限公司,太陽能,85,2025,2026-05-18
裕益汽車股份有限公司,順益路竹,美商波士頓顧問有限公司台灣分公司,太陽能,89,2025,2026-05-18
裕益汽車股份有限公司,順益新竹,美商利惠國際有限公司台灣分公司,太陽能,26,2025,2026-05-18
大豐環保科技股份有限公司,台南拆車夢工廠,美商利惠國際有限公司台灣分公司,太陽能,83,2025,2026-05-18
光洋應用材料科技股份有限公司,光洋科F棟&汽車停車場,荷蘭商愛特思股份有限公司普安貝兒台灣分公司,太陽能,26,2025,2026-05-18
永喆環保科技有限公司,永喆樹林一廠,美商默沙東藥廠股份有限公司台灣分公司,太陽能,53,2025,2026-05-18
裕益汽車股份有限公司,順益一期,安謀國際科技股份有限公司,太陽能,70,2025,2026-05-18
裕益汽車股份有限公司,順益路竹,安謀國際科技股份有限公司,太陽能,16,2025,2026-05-18
英屬開曼群島商功成資本有限公司台灣分公司,英屬開曼群島商功成資本有限公司台灣分公司,台灣愛普生科技股份有限公司,太陽能,110,2025,2026-05-12
英屬開曼群島商功成資本有限公司台灣分公司,英屬開曼群島商功成資本有限公司台灣分公司,新加坡商輝達開發有限公司台灣分公司,太陽能,784,2025,2026-05-09
財團法人工業技術研究院,財團法人工業技術研究院-中興院區,新加坡商輝達開發有限公司台灣分公司,太陽能,849,2025,2026-05-09
金氏科訊股份有限公司,大樹一廠辦公室,新加坡商輝達開發有限公司台灣分公司,太陽能,26,2025,2026-05-09
精湛光學科技股份有限公司,精湛光學科技股份有限公司,新加坡商輝達開發有限公司台灣分公司,太陽能,177,2025,2026-05-09
財團法人工業技術研究院-光復院區,財團法人工業技術研究院-光復院區,新加坡商輝達開發有限公司台灣分公司,太陽能,144,2025,2026-05-09
財團法人工業技術研究院-六甲院區,財團法人工業技術研究院-六甲院區83.49kW,新加坡商輝達開發有限公司台灣分公司,太陽能,53,2025,2026-05-09
豐泰興業股份有限公司,豐泰興業實業,新加坡商輝達開發有限公司台灣分公司,太陽能,103,2025,2026-05-09
易宏熱鍍鋅工業股份有限公司,易宏熱鍍鋅工業股份有限公司,荷蘭商愛特思股份有限公司台灣分公司,太陽能,558.921,2025,2026-05-07
強新工業股份有限公司,強新I倉,美商波士頓顧問有限公司台灣分公司,太陽能,5,2025,2026-05-05
道達爾能源股份有限公司,道達爾能源股份有限公司,美商妥斯特國際股份有限公司台灣分公司,太陽能,10,2025,2026-05-05
客家委員會客家文化發展中心六堆園區,客家委員會客家文化發展中心六堆園區,威翰環保工業股份有限公司,太陽能,81,2025,2026-05-05
東豐纖維企業股份有限公司,東豐纖維路竹廠三期439.52KWp,台灣艾司摩爾股份有限公司,太陽能,69,2025,2026-05-05
盛建企業股份有限公司,盛建企業太陽能系統,美商波士頓顧問有限公司台灣分公司,太陽能,15,2025,2026-05-05
新加坡商傑樂生技股份有限公司台灣分公司,新加坡商傑樂生技股份有限公司 台灣分公司,美商彭博新聞有限公司台北分公司,太陽能,297,2025,2026-05-05
東豐纖維企業股份有限公司,東豐纖維路竹廠四期288.36KWp織布廠,台灣艾司摩爾股份有限公司,太陽能,52,2025,2026-05-05
松讚實業股份有限公司,松讚(全興廠),歐美亞商務旅行社股份有限公司,太陽能,4,2025,2026-05-05
中華紙漿股份有限公司,中華紙漿股份有限公司花蓮廠,瑞傳科技股份有限公司,生質能,300,2025,2026-05-05
中華紙漿股份有限公司,中華紙漿股份有限公司花蓮廠,振樺電子股份有限公司,生質能,100,2025,2026-05-05
中華紙漿股份有限公司,中華紙漿股份有限公司花蓮廠,台英帝國菸草製造股份有限公司,生質能,95,2025,2026-05-05
台灣化學纖維股份有限公司,台化新港原絲廠NF6廠房,台灣威富品牌有限公司,太陽能,116,2025,2026-04-28
台灣化學纖維股份有限公司,台化新港公用廠苛化廠房及MGO倉庫,台灣威富品牌有限公司,太陽能,83,2025,2026-04-28
台灣化學纖維股份有限公司,台化新港公用廠保養工廠及苛化廠房,台灣威富品牌有限公司,太陽能,45,2025,2026-04-28
台灣化學纖維股份有限公司,台化新港PABS廠務大樓及原料倉庫,台灣威富品牌有限公司,太陽能,24,2025,2026-04-28
大中鋼鐵股份有限公司,大中鋼鐵楊梅廠,台灣威富品牌有限公司,太陽能,80,2025,2026-04-28
台灣新日化股份有限公司,台灣新日化太陽能發電設備,台灣威富品牌有限公司,太陽能,33,2025,2026-04-27
臺北市立金華國民中學,臺北市立金華國民中學,美商道富銀行股份有限公司,太陽能,4,2025,2026-04-24
盛建企業股份有限公司,盛建企業太陽能系統,台灣威富品牌有限公司,太陽能,92,2025,2026-04-24
永喆環保科技有限公司,永喆樹林一廠,美商妥斯特國際股份有限公司台灣分公司,太陽能,8,2025,2026-04-24
維鎮工業股份有限公司,維鎮,香港商雷夫羅倫有限公司台灣分公司,太陽能,191,2025,2026-04-24
強新工業股份有限公司,強新六廠,台灣威富品牌有限公司,太陽能,127,2025,2026-04-24
農友種苗股份有限公司,農友種苗,台灣優衣庫有限公司,太陽能,30,2025,2026-04-24
台灣新日化股份有限公司,台灣新日化太陽能發電設備,奧美廣告股份有限公司,太陽能,13,2025,2026-04-21
臺北市政府產業發展局,臺北市政府產業發展局新生公園夢想館,愛普生捷修網股份有限公司,太陽能,84,2025,2026-04-18
臺北市政府產業發展局,臺北市政府產業發展局 興隆市場,愛普生捷修網股份有限公司,太陽能,17,2025,2026-04-18
財團法人工業技術研究院,財團法人工業技術研究院-中興院區,奧美廣告股份有限公司,太陽能,507,2025,2026-04-18
財團法人工業技術研究院,工業技術研究院中興院區77館太陽光電,奧美廣告股份有限公司,太陽能,58,2025,2026-04-18
台灣化學纖維股份有限公司,台化新港原絲廠NF6廠房,香港商雷夫羅倫有限公司台灣分公司,太陽能,147,2025,2026-04-17
台灣化學纖維股份有限公司,台化新港公用廠苛化廠房及MGO倉庫,香港商雷夫羅倫有限公司台灣分公司,太陽能,119,2025,2026-04-17
台灣化學纖維股份有限公司,台化新港公用廠保養工廠及苛化廠房,香港商雷夫羅倫有限公司台灣分公司,太陽能,69,2025,2026-04-17
台灣化學纖維股份有限公司,台化新港PABS廠務大樓及原料倉庫,香港商雷夫羅倫有限公司台灣分公司,太陽能,182,2025,2026-04-17
至陽塑膠工業股份有限公司,至陽塑膠工業股份有限公司,領導力企業管理顧問有限公司,太陽能,35,2025,2026-04-17
台灣化學纖維股份有限公司,台化新港PABS廠務大樓及原料倉庫,美商彭博新聞有限公司台北分公司,太陽能,126,2025,2026-04-17
全台晶像股份有限公司,全台晶像股份有限公司-第二期,台康生技股份有限公司,太陽能,31,2025,2026-04-16
英屬開曼群島商功成資本有限公司台灣分公司,英屬開曼群島商功成資本有限公司台灣分公司,美商高盛亞洲證券有限公司台北分公司,太陽能,123,2025,2026-04-16
高雄市動物保護處,燕巢動物保護關愛園區(開放區),臺灣橫河股份有限公司高雄分公司,太陽能,9,2025,2026-04-16
隆門股份有限公司,隆門PV0032,美商妥斯特國際股份有限公司台灣分公司,太陽能,6,2025,2026-04-14
天力離岸風電科技股份有限公司,臺中廠(B棟)-195.5kWp太陽光電發電系統,雲豹能源科技股份有限公司,太陽能,26,2025,2026-04-14
中華紙漿股份有限公司,中華紙漿股份有限公司花蓮廠,台灣何格納斯股份有限公司,生質能,16,2025,2026-04-14
利佳興業股份有限公司,利佳興業股份有限公司,國泰人壽保險股份有限公司,太陽能,86,2025,2026-04-14
強新工業股份有限公司,強新六廠,瑞士商菲利普莫里斯股份有限公司台灣分公司,太陽能,229,2025,2026-04-14
天力離岸風電科技股份有限公司,臺中廠(B棟)-195.5kWp太陽光電發電系統,台灣愛普生科技股份有限公司,太陽能,13,2025,2026-04-14
全日大林冷鏈股份有限公司,全日大林冷鏈股份有限公司,台灣愛普生科技股份有限公司,太陽能,23,2025,2026-04-14
中華紙漿股份有限公司,中華紙漿股份有限公司花蓮廠,印度商塔塔顧問服務有限公司台灣分公司,生質能,126,2025,2026-04-14
中華紙漿股份有限公司,中華紙漿股份有限公司花蓮廠,澳商澳盛銀行集團股份有限公司,生質能,220,2025,2026-04-14
臺北市政府消防局,臺北市政府消防局寶橋分隊,台灣愛普生科技股份有限公司,太陽能,3,2025,2026-04-14
高雄市動物保護處,燕巢動物保護關愛園區(行政區),博仲法律事務所,太陽能,10.923,2025,2026-04-14
中華紙漿股份有限公司,中華紙漿股份有限公司花蓮廠,香港商吉立亞醫藥有限公司台灣分公司,生質能,75,2025,2026-04-14
臺北市立金華國民中學,臺北市立金華國民中學,美商高盛亞洲證券有限公司台北分公司,太陽能,6,2025,2026-04-14
財團法人工業技術研究院-六甲院區,財團法人工業技術研究院-六甲院區,奧美廣告股份有限公司,太陽能,78,2025,2026-04-14
財團法人工業技術研究院-六甲院區,財團法人工業技術研究院-六甲院區83.49kW,奧美廣告股份有限公司,太陽能,29,2025,2026-04-14
至陽塑膠工業股份有限公司,至陽塑膠工業股份有限公司,台灣中外製藥股份有限公司,太陽能,15,2025,2026-04-09
財團法人工業技術研究院-光復院區,財團法人工業技術研究院-光復院區,新加坡商輝達開發有限公司台灣分公司,太陽能,209,2025,2026-04-09
財團法人工業技術研究院,工業技術研究院中興院區79館太陽光電,新加坡商輝達開發有限公司台灣分公司,太陽能,45,2025,2026-04-09
財團法人工業技術研究院-南創園區,財團法人工業技術研究院-南創園區,新加坡商輝達開發有限公司台灣分公司,太陽能,13,2025,2026-04-09
財團法人工業技術研究院-中創園區,財團法人工業技術研究院-中創園區,新加坡商輝達開發有限公司台灣分公司,太陽能,61,2025,2026-04-09
允強實業股份有限公司,斗六二廠,美商利惠國際有限公司台灣分公司,太陽能,500,2025,2026-04-08
易宏熱鍍鋅工業股份有限公司,易宏熱鍍鋅工業股份有限公司,新加坡商凱捷管理顧問股份有限公司台灣分公司,太陽能,5,2025,2026-04-08
天力離岸風電科技股份有限公司,臺中廠(B棟)-195.5kWp太陽光電發電系統,百慕達商泰科資訊科技有限公司台灣分公司,太陽能,4,2025,2026-04-08
永喆環保科技有限公司,永喆樹林一廠,博仲法律事務所,太陽能,16,2025,2026-04-07
台灣新日化股份有限公司,台灣新日化太陽能發電設備,美商高盛亞洲證券有限公司台北分公司,太陽能,3,2025,2026-04-07
台灣新日化股份有限公司,台灣新日化太陽能發電設備,新加坡商輝達開發有限公司台灣分公司,太陽能,71,2025,2026-04-07
臺北市內湖區麗湖國民小學,臺北市內湖區麗湖國民小學,博仲法律事務所,太陽能,1,2025,2026-04-02
東豐纖維企業股份有限公司,東豐纖維路竹廠三期439.52KWp,台灣艾司摩爾股份有限公司,太陽能,1,2025,2026-04-02
東豐纖維企業股份有限公司,東豐纖維路竹廠三期439.52KWp,台灣艾司摩爾股份有限公司,太陽能,7,2025,2026-04-02
易宏熱鍍鋅工業股份有限公司,易宏熱鍍鋅工業股份有限公司,國海輝固股份有限公司,太陽能,9,2025,2026-04-02
東豐纖維企業股份有限公司,東豐纖維企業股份有限公司 路竹織染廠,台灣艾司摩爾股份有限公司,太陽能,19,2025,2026-04-02
強新工業股份有限公司,強新七廠,奧美廣告股份有限公司,太陽能,193,2025,2026-04-02
東豐纖維企業股份有限公司,東豐纖維路竹廠二期250.24KWp,台灣艾司摩爾股份有限公司,太陽能,43,2025,2026-04-02
財團法人桃園市私立脊髓損傷潛能發展中心,脊髓中心太陽光電系統,台灣大哥大股份有限公司,太陽能,67.44,2025,2026-03-31
中華紙漿股份有限公司,中華紙漿股份有限公司花蓮廠,澳商澳盛銀行集團股份有限公司,生質能,480,2025,2026-03-31
中華紙漿股份有限公司,中華紙漿股份有限公司花蓮廠,香港商雷夫羅倫有限公司台灣分公司,生質能,"1,000",2025,2026-03-30
旺欉鋁業有限公司,旺欉鋁業有限公司,富達證券投資信託股份有限公司,太陽能,138,2025,2026-03-28
碩天科技大樓管理負責人,碩天科技大樓,碩天科技股份有限公司,太陽能,16.141,2025,2026-03-27
強新工業股份有限公司,強新I倉,新加坡商坦密諾斯軟件有限公司台灣分公司,太陽能,35,2025,2026-03-27
中華紙漿股份有限公司,中華紙漿股份有限公司花蓮廠,渣打國際商業銀行股份有限公司,生質能,"1,800",2025,2026-03-27
全日大林冷鏈股份有限公司,全日大林冷鏈股份有限公司,新加坡商瑞銀證券股份有限公司台北分公司,太陽能,1,2025,2026-03-27
英特盛科技股份有限公司,廠區一1635.9KW,露露樂蒙股份有限公司,太陽能,"1,078",2025,2026-03-27
永純化學工業股份有限公司,永純化學工業股份有限公司-永固廠,德商汐威離岸電纜鋪設工程股份有限公司台灣分公司,太陽能,7,2025,2026-03-26
晃誼科技股份有限公司,晃誼科技-1,德商汐威離岸電纜鋪設工程股份有限公司台灣分公司,太陽能,88,2025,2026-03-26
鑫永銓股份有限公司,鑫永銓股份有限公司,德商汐威離岸電纜鋪設工程股份有限公司台灣分公司,太陽能,142,2025,2026-03-25
中華紙漿股份有限公司,中華紙漿股份有限公司花蓮廠,香港商雷夫羅倫有限公司台灣分公司,生質能,100,2025,2026-03-24
中華紙漿股份有限公司,中華紙漿股份有限公司花蓮廠,香港商雷夫羅倫有限公司台灣分公司,生質能,50,2025,2026-03-24
彩麗實業股份有限公司,彩麗實業股份有限公司(一期高壓),富達證券投資信託股份有限公司,太陽能,61,2025,2026-03-23
彩麗實業股份有限公司,彩麗實業股份有限公司(二期低壓),富達證券投資信託股份有限公司,太陽能,8,2025,2026-03-23
強新工業股份有限公司,強新I倉,英濟股份有限公司,太陽能,25,2025,2026-03-23
中華紙漿股份有限公司,中華紙漿股份有限公司花蓮廠,法台化學股份有限公司,生質能,50,2025,2026-03-23
中華紙漿股份有限公司,中華紙漿股份有限公司花蓮廠,台英帝國菸草製造股份有限公司,生質能,60,2025,2026-03-23
臺北市政府產業發展局,臺北市政府產業發展局 士東市場,雲豹能源科技股份有限公司,太陽能,26,2025,2026-03-23
臺北市政府產業發展局,臺北市政府產業發展局新生公園未來館,雲豹能源科技股份有限公司,太陽能,46,2025,2026-03-23
中華紙漿股份有限公司,中華紙漿股份有限公司花蓮廠,台英帝國菸草製造股份有限公司,生質能,129,2025,2026-03-23
中華紙漿股份有限公司,中華紙漿股份有限公司花蓮廠,中厚化學股份有限公司,生質能,25,2025,2026-03-23
道達爾能源股份有限公司,道達爾能源股份有限公司,富達證券投資信託股份有限公司,太陽能,112,2025,2026-03-21
旺欉鋁業有限公司,旺欉鋁業有限公司,荷蘭商飯山有限公司 (台灣辦公室),太陽能,8,2025,2026-03-21
璟鋒工業股份有限公司,璟鋒工業股份有限公司,台灣艾司摩爾股份有限公司,太陽能,65,2025,2026-03-21
易宏熱鍍鋅工業股份有限公司,易宏熱鍍鋅工業股份有限公司,台灣歐特克股份有限公司,太陽能,299,2025,2026-03-21
道達爾能源股份有限公司,道達爾能源股份有限公司,台灣諾基亞通信股份有限公司,太陽能,13,2025,2026-03-21
億萬年貿易股份有限公司,億萬年貿易股份有限公司,台灣艾司摩爾股份有限公司,太陽能,85,2025,2026-03-20
台灣糖業股份有限公司虎尾糖廠,台糖虎尾糖廠,台灣積體電路製造股份有限公司,生質能,"4,438",2025,2026-03-19
全日大林冷鏈股份有限公司,全日大林冷鏈股份有限公司,新加坡商瑞銀證券股份有限公司台北分公司,太陽能,42,2025,2026-03-19
全日大林冷鏈股份有限公司,全日大林冷鏈股份有限公司,瑞士商瑞士銀行股份有限公司台北分公司,太陽能,42,2025,2026-03-19
全日大林冷鏈股份有限公司,全日大林冷鏈股份有限公司,瑞銀證券投資信託股份有限公司,太陽能,9,2025,2026-03-19
農友種苗股份有限公司,農友種苗,台灣優衣庫有限公司,太陽能,30,2025,2026-03-19
全日大林冷鏈股份有限公司,全日大林冷鏈股份有限公司,瑞士商瑞士銀行股份有限公司台中分公司,太陽能,4,2025,2026-03-19
全日大林冷鏈股份有限公司,全日大林冷鏈股份有限公司,香奈兒有限公司,太陽能,40,2025,2026-03-19
允強實業股份有限公司,斗六二廠,美商高盛亞洲證券有限公司台北分公司,太陽能,174,2025,2026-03-18
允強實業股份有限公司,斗六二廠,新加坡商輝達開發有限公司台灣分公司,太陽能,350,2025,2026-03-18
彰源企業股份有限公司,彰源企業-一廠,台灣艾司摩爾股份有限公司,太陽能,117,2025,2026-03-18
維鎮工業股份有限公司,維鎮,奧美廣告股份有限公司,太陽能,127,2024,2026-06-02
如陽科技股份有限公司,如陽科技三場自發自用,荷蘭商愛特思股份有限公司台灣分公司,太陽能,38,2024,2026-06-02
台灣化學纖維股份有限公司,台化新港公用廠苛化廠房及MGO倉庫,奧美廣告股份有限公司,太陽能,26,2024,2026-05-28
國泰人壽保險股份有限公司,國泰人壽內湖台聯電訊大樓,羅技電子股份有限公司,太陽能,48,2024,2026-05-26
國泰人壽保險股份有限公司,置地廣場桃園,美商波士頓顧問有限公司台灣分公司,太陽能,44,2024,2026-05-26
國泰人壽保險股份有限公司,國泰人壽保險股份有限公司,羅技電子股份有限公司,太陽能,49,2024,2026-05-26
維鎮工業股份有限公司,維鎮,美商波士頓顧問有限公司台灣分公司,太陽能,161,2024,2026-05-20
台灣化學纖維股份有限公司,台化新港公用廠苛化廠房及MGO倉庫,奧美廣告股份有限公司,太陽能,13,2024,2026-05-20
台灣化學纖維股份有限公司,台化新港原絲廠NF6廠房,奧美廣告股份有限公司,太陽能,66,2024,2026-05-20
台灣化學纖維股份有限公司,台化新港公用廠保養工廠及苛化廠房,奧美廣告股份有限公司,太陽能,54,2024,2026-05-20
台灣化學纖維股份有限公司,台化新港PABS廠務大樓及原料倉庫,奧美廣告股份有限公司,太陽能,84,2024,2026-05-20
台灣化學纖維股份有限公司,台化新港公用廠苛化廠房及MGO倉庫,台灣培生教育出版股份有限公司,太陽能,2,2024,2026-05-20
中華紙漿股份有限公司,中華紙漿股份有限公司花蓮廠,台灣優衣庫有限公司,生質能,83,2024,2026-05-18
台灣化學纖維股份有限公司,台化新港公用廠苛化廠房及MGO倉庫,英卓證券投資顧問股份有限公司,太陽能,32,2024,2026-05-07
永喆環保科技有限公司,永喆樹林一廠,美商妥斯特國際股份有限公司台灣分公司,太陽能,23,2024,2026-05-05
台灣化學纖維股份有限公司,台灣化學纖維股份有限公司三期,美商妥斯特國際股份有限公司台灣分公司,太陽能,57,2024,2026-05-05
明徽能源股份有限公司,明徽能源股份有限公司,美商妥斯特國際股份有限公司台灣分公司,太陽能,61,2024,2026-05-05
中華紙漿股份有限公司,中華紙漿股份有限公司花蓮廠,台灣優衣庫有限公司,生質能,83,2024,2026-04-27
國泰人壽保險股份有限公司,國泰人壽土城沛陂段,新加坡商輝達開發有限公司台灣分公司,太陽能,171,2024,2026-03-30
國泰人壽保險股份有限公司,國泰人壽保險股份有限公司,新加坡商輝達開發有限公司台灣分公司,太陽能,24,2024,2026-03-20
國泰人壽保險股份有限公司,國泰人壽內湖台聯電訊大樓,新加坡商輝達開發有限公司台灣分公司,太陽能,23,2024,2026-03-20
中華紙漿股份有限公司,中華紙漿股份有限公司花蓮廠,台灣優衣庫有限公司,生質能,83,2024,2026-03-20
中華紙漿股份有限公司,中華紙漿股份有限公司花蓮廠,台灣先藝科技股份有限公司,生質能,9,2024,2026-03-10
中華紙漿股份有限公司,中華紙漿股份有限公司花蓮廠,台灣優衣庫有限公司,生質能,83,2024,2026-02-24
中華紙漿股份有限公司,中華紙漿股份有限公司花蓮廠,台灣先藝科技股份有限公司,生質能,350,2024,2026-02-24
中華紙漿股份有限公司,中華紙漿股份有限公司花蓮廠,英屬維京群島商道衡有限公司台灣分公司,生質能,30,2024,2026-02-24
中華紙漿股份有限公司,中華紙漿股份有限公司花蓮廠,台英帝國菸草製造股份有限公司,生質能,215,2024,2026-01-30
永湖複合材料股份有限公司,永湖#1、永湖#2,安永聯合會計師事務所,太陽能,620,2024,2026-01-30
中華紙漿股份有限公司,中華紙漿股份有限公司花蓮廠,安生理算檢定有限公司,生質能,24,2024,2026-01-30
道達爾能源股份有限公司,道達爾能源股份有限公司,安永聯合會計師事務所,太陽能,50,2024,2026-01-21
中華紙漿股份有限公司,中華紙漿股份有限公司花蓮廠,台灣優衣庫有限公司,生質能,83,2024,2026-01-20
中華紙漿股份有限公司,中華紙漿股份有限公司花蓮廠,美商雅詩蘭黛股份有限公司台灣分公司,生質能,330,2024,2026-01-16
中華紙漿股份有限公司,中華紙漿股份有限公司花蓮廠,美商蘋果電子股份有限公司台灣分公司,生質能,"45,000",2024,2026-01-16
新加坡商傑樂生技股份有限公司台灣分公司,新加坡商傑樂生技股份有限公司 台灣分公司,安永聯合會計師事務所,太陽能,98,2024,2026-01-13
聚陽實業股份有限公司,聚陽民雄廠太陽光電發電廠,美商雅詩蘭黛股份有限公司台灣分公司,太陽能,9,2024,2026-01-09
中華紙漿股份有限公司,中華紙漿股份有限公司花蓮廠,安永聯合會計師事務所,生質能,974,2024,2026-01-06
梧濟工業股份有限公司,梧濟工業股份有限公司,挪威商挪迪克半導體股份有限公司台灣分公司,太陽能,222,2024,2026-01-01
中華紙漿股份有限公司,中華紙漿股份有限公司花蓮廠,香港商吉立亞醫藥有限公司台灣分公司,生質能,220,2024,2025-12-23
中華紙漿股份有限公司,中華紙漿股份有限公司花蓮廠,美商漢愛有限公司台灣分公司,生質能,50,2024,2025-12-22
臺北市立忠孝國民中學,臺北市立忠孝國民中學,台灣艾司摩爾股份有限公司台南分公司,太陽能,3,2024,2025-12-18
中華紙漿股份有限公司,中華紙漿股份有限公司花蓮廠,台灣優衣庫有限公司,生質能,83,2024,2025-12-12
英特盛科技股份有限公司,宿舍123.88KW,台灣艾司摩爾股份有限公司,太陽能,14,2024,2025-12-10
英屬開曼群島商功成資本有限公司台灣分公司,英屬開曼群島商功成資本有限公司台灣分公司,台灣艾司摩爾股份有限公司,太陽能,5,2024,2025-12-10
英特盛科技股份有限公司,宿舍66.12KW,台灣艾司摩爾股份有限公司,太陽能,9,2024,2025-12-10
衛生福利部嘉南療養院,衛生福利部嘉南療養院2期,台灣艾司摩爾股份有限公司,太陽能,44,2024,2025-12-10
台典機械股份有限公司,台典機械鳳凰廠,台灣艾司摩爾股份有限公司,太陽能,37,2024,2025-12-05
梧濟工業股份有限公司,梧濟工業股份有限公司,香港商TRITON有限公司,太陽能,1,2024,2025-12-05
大豐環保科技股份有限公司,台南拆車夢工廠,香港商TRITON有限公司,太陽能,41,2024,2025-12-05
國泰人壽保險股份有限公司,國泰人壽保險股份有限公司,嘉瓦士有限公司,太陽能,4,2024,2025-12-05
國立澎湖科技大學,國立澎湖科技大學,台灣艾司摩爾科技股份有限公司,太陽能,52,2024,2025-11-30
中華紙漿股份有限公司,中華紙漿股份有限公司花蓮廠,渣打國際商業銀行股份有限公司,生質能,"2,203",2024,2025-11-27
國立澎湖科技大學,國立澎湖科技大學,台灣艾司摩爾股份有限公司,太陽能,1,2024,2025-11-26
明徽能源股份有限公司,明徽能源股份有限公司,台灣艾司摩爾股份有限公司,太陽能,38,2024,2025-11-25
明徽能源股份有限公司,明徽能源_屋頂二期,台灣艾司摩爾股份有限公司,太陽能,281,2024,2025-11-25
明徽能源股份有限公司,明徽能源_屋頂二期,台灣艾司摩爾股份有限公司,太陽能,101,2024,2025-11-25
滿鑫漁具有限公司,滿鑫漁具,台灣艾司摩爾股份有限公司台南分公司,太陽能,47,2024,2025-11-25
晃誼科技股份有限公司,晃誼科技-1,台灣艾司摩爾股份有限公司台南分公司,太陽能,73,2024,2025-11-22
晃誼科技股份有限公司,晃誼科技-1,台灣日置電機股份有限公司,太陽能,16,2024,2025-11-22
東豐纖維企業股份有限公司,東豐纖維路竹廠三期439.52KWp,台灣日置電機股份有限公司,太陽能,9,2024,2025-11-20
中華紙漿股份有限公司,中華紙漿股份有限公司花蓮廠,台灣優衣庫有限公司,生質能,83,2024,2025-11-20
安大科技股份有限公司,安大科技太陽光電系統工程,美商妥斯特國際股份有限公司台灣分公司,太陽能,9,2023,2026-05-05
中華紙漿股份有限公司,中華紙漿股份有限公司花蓮廠,澳商澳盛銀行集團股份有限公司,生質能,480,2023,2026-03-31
中華紙漿股份有限公司,中華紙漿股份有限公司花蓮廠,新加坡商萬事達卡股份有限公司台灣分公司,生質能,500,2023,2026-03-20
中華紙漿股份有限公司,中華紙漿股份有限公司花蓮廠,美商漢愛有限公司台灣分公司,生質能,73,2023,2026-03-20
梧濟工業股份有限公司,梧濟工業股份有限公司,美商芮博士半導體有限公司,太陽能,9,2023,2026-02-25
中華紙漿股份有限公司,中華紙漿股份有限公司花蓮廠,德麥食品股份有限公司,生質能,1,2023,2025-12-29
中華紙漿股份有限公司,中華紙漿股份有限公司花蓮廠,台灣優衣庫有限公司,生質能,28,2023,2025-09-22
中華紙漿股份有限公司,中華紙漿股份有限公司花蓮廠,台灣優衣庫有限公司,生質能,72,2023,2025-09-22
中華紙漿股份有限公司,中華紙漿股份有限公司花蓮廠,美商摩根大通銀行股份有限公司台北分公司,生質能,"3,319",2023,2025-08-20
中華紙漿股份有限公司,中華紙漿股份有限公司花蓮廠,台灣優衣庫有限公司,生質能,128,2023,2025-08-20
中華紙漿股份有限公司,中華紙漿股份有限公司花蓮廠,台灣優衣庫有限公司,生質能,100,2023,2025-07-21
中華紙漿股份有限公司,中華紙漿股份有限公司花蓮廠,台灣優衣庫有限公司,生質能,100,2023,2025-06-24
中華紙漿股份有限公司,中華紙漿股份有限公司花蓮廠,香港商雷夫羅倫有限公司台灣分公司,生質能,"2,024",2023,2025-06-06
中華紙漿股份有限公司,中華紙漿股份有限公司花蓮廠,台灣優衣庫有限公司,生質能,85,2023,2025-05-22
中華紙漿股份有限公司,中華紙漿股份有限公司花蓮廠,台灣美佳境股份有限公司,生質能,100,2023,2025-05-22
中華紙漿股份有限公司,中華紙漿股份有限公司花蓮廠,台灣優衣庫有限公司,生質能,85,2023,2025-04-22
中華紙漿股份有限公司,中華紙漿股份有限公司花蓮廠,美商妥斯特國際股份有限公司台灣分公司,生質能,155,2023,2025-04-11
臺北市北投區公所,臺北市北投區公所,馮**,太陽能,1,2023,2025-03-29
洪輝祥,洪輝祥,中菱綠材料股份有限公司,太陽能,10,2023,2025-03-29
中華紙漿股份有限公司,中華紙漿股份有限公司花蓮廠,台灣優衣庫有限公司,生質能,100,2023,2025-03-24
和平電力股份有限公司,和平電廠,台灣微軟營運有限公司,太陽能,310,2023,2025-02-27
李長榮實業股份有限公司,李長榮實業股份有限公司,台灣微軟營運有限公司,太陽能,64,2023,2025-02-25
道達爾能源股份有限公司,道達爾能源股份有限公司,台灣微軟營運有限公司,太陽能,20,2023,2025-02-25
高偉精密科技股份有限公司,高偉精密1期,台灣微軟營運有限公司,太陽能,405,2023,2025-02-25
光洋應用材料科技股份有限公司,光洋科機車棚,台灣微軟營運有限公司,太陽能,23,2023,2025-02-21
駿陞事業股份有限公司,昇恆昌金湖飯店案場,台灣微軟營運有限公司,太陽能,31,2023,2025-02-21
新加坡商傑樂生技股份有限公司台灣分公司,新加坡商傑樂生技股份有限公司 台灣分公司,台灣微軟營運有限公司,太陽能,18,2023,2025-02-21
立肯國際股份有限公司,立肯中壢廠太陽能系統,台灣微軟營運有限公司,太陽能,333,2023,2025-02-21
東豐纖維企業股份有限公司,東豐纖維路竹廠二期250.24KWp,台灣微軟營運有限公司,太陽能,147,2023,2025-02-20
東豐纖維企業股份有限公司,東豐纖維企業股份有限公司 路竹織染廠,台灣微軟營運有限公司,太陽能,125,2023,2025-02-20
國立澎湖科技大學,國立澎湖科技大學,台灣微軟營運有限公司,太陽能,290,2023,2025-02-20
萬達光電科技股份有限公司,萬達光電B棟 屋頂型,台灣微軟營運有限公司,太陽能,102,2023,2025-02-20
萬達光電科技股份有限公司,萬達光電,台灣微軟營運有限公司,太陽能,63,2023,2025-02-20
臺北市北投區公所,臺北市北投區公所,台灣微軟營運有限公司,太陽能,28,2023,2025-02-20
昱京科技股份有限公司,昱京科技股份有限公司,台灣微軟營運有限公司,太陽能,39,2023,2025-02-20
中華紙漿股份有限公司,中華紙漿股份有限公司花蓮廠,台灣優衣庫有限公司,生質能,100,2023,2025-02-19
聚陽實業股份有限公司,聚陽民雄廠太陽光電發電廠,台灣微軟營運有限公司,太陽能,16,2023,2025-02-19
松讚實業股份有限公司,松讚(全興廠),台灣微軟營運有限公司,太陽能,220,2023,2025-02-18
中華紙漿股份有限公司,中華紙漿股份有限公司花蓮廠,美商蘋果電子股份有限公司台灣分公司,生質能,"35,000",2023,2025-02-17
中華紙漿股份有限公司,中華紙漿股份有限公司花蓮廠,台灣優衣庫有限公司,生質能,100,2023,2025-01-21
財團法人工業技術研究院,財團法人工業技術研究院-中興院區,台灣美佳境股份有限公司,太陽能,12,2023,2025-01-17
財團法人工業技術研究院-中創園區,財團法人工業技術研究院-中創園區,台灣美佳境股份有限公司,太陽能,87,2023,2025-01-17
財團法人工業技術研究院-光復院區,財團法人工業技術研究院-光復院區,台灣美佳境股份有限公司,太陽能,23,2023,2025-01-17
財團法人工業技術研究院-南創園區,財團法人工業技術研究院-南創園區,台灣美佳境股份有限公司,太陽能,35,2023,2025-01-17
交通部民用航空局臺中航空站,交通部民用航空局臺中航空站,宏齊科技股份有限公司,太陽能,8,2023,2025-01-14
國泰人壽保險股份有限公司,國泰人壽保險股份有限公司,台灣微軟營運有限公司,太陽能,44,2023,2025-01-06
國泰人壽保險股份有限公司,置地廣場桃園,台灣微軟營運有限公司,太陽能,36,2023,2025-01-06
國泰人壽保險股份有限公司,國泰人壽保險股份有限公司,台灣微軟營運有限公司,太陽能,32,2023,2025-01-06
中華紙漿股份有限公司,中華紙漿股份有限公司花蓮廠,台灣優衣庫有限公司,生質能,85,2023,2024-12-25
財團法人工業技術研究院-六甲院區,財團法人工業技術研究院-六甲院區,台灣美佳境股份有限公司,太陽能,111,2023,2024-12-14
中華紙漿股份有限公司,中華紙漿股份有限公司花蓮廠,美商摩根大通銀行股份有限公司台北分公司,生質能,"3,351",2023,2024-12-12
中華紙漿股份有限公司,中華紙漿股份有限公司花蓮廠,台灣電通股份有限公司,生質能,218,2023,2024-12-04
交通部民用航空局臺中航空站,交通部民用航空局臺中航空站,台灣微軟營運有限公司,太陽能,115,2023,2024-11-30
臺北市內湖區麗湖國民小學,臺北市內湖區麗湖國民小學,台灣美佳境股份有限公司,太陽能,26,2023,2024-11-29
中華紙漿股份有限公司,中華紙漿股份有限公司花蓮廠,台灣優衣庫有限公司,生質能,85,2023,2024-11-21
臺藝工業股份有限公司,敏鈞精密屋頂型249.69kWp,台灣微軟營運有限公司,太陽能,185,2023,2024-11-20
臺北市立金華國民中學,臺北市立金華國民中學,台灣美佳境股份有限公司,太陽能,62,2023,2024-11-14
國泰人壽保險股份有限公司,國泰人壽保險股份有限公司,英商英國電信有限公司台灣分公司,太陽能,36,2023,2024-10-29
越峯電子材料股份有限公司,越峯電子材料股份有限公司,英商英國電信有限公司台灣分公司,太陽能,140,2023,2024-10-26
上品王食品股份有限公司,石安牧場沼氣發電廠,歐萊德國際股份有限公司,生質能,3,2023,2024-10-25
禾原新能源科技股份有限公司,竹東汽修廠,台灣美佳境股份有限公司,太陽能,2,2023,2024-10-24
中華紙漿股份有限公司,中華紙漿股份有限公司花蓮廠,台灣優衣庫有限公司,生質能,85,2023,2024-10-24
明徽能源股份有限公司,明徽能源股份有限公司,英商英國電信有限公司台灣分公司,太陽能,9,2023,2024-10-23
臺北市文山區公所,臺北市文山區公所,台灣美佳境股份有限公司,太陽能,21,2023,2024-09-28
中華紙漿股份有限公司,中華紙漿股份有限公司花蓮廠,台灣優衣庫有限公司,生質能,178,2023,2024-09-26
明徽能源股份有限公司,明徽能源股份有限公司,lululemon athletica TW ltd.,太陽能,23,2023,2024-09-14
明徽能源股份有限公司,明徽能源_屋頂二期,lululemon athletica TW ltd.,太陽能,347,2023,2024-09-14
國泰人壽保險股份有限公司,置地廣場桃園,永智顧問股份有限公司,太陽能,2,2023,2024-08-31
常立塑膠有限公司,常立塑膠,德凱宜特股份有限公司,太陽能,15,2023,2024-08-29
中華紙漿股份有限公司,中華紙漿股份有限公司花蓮廠,台灣優衣庫有限公司,生質能,103,2023,2024-08-21
禾原新能源科技股份有限公司,竹東汽修廠,東明油墨股份有限公司,太陽能,3,2023,2024-08-17
越峯電子材料股份有限公司,越峯電子材料股份有限公司,lululemon athletica TW ltd.,太陽能,90,2023,2024-08-14
常立塑膠有限公司,常立塑膠,唐虞企業股份有限公司,太陽能,1,2023,2024-08-12
中華紙漿股份有限公司,中華紙漿股份有限公司花蓮廠,台灣優衣庫有限公司,生質能,193,2023,2024-07-29
財團法人天主教靈醫會,聖嘉民啟智中心,捷順企業股份有限公司,太陽能,3,2023,2024-07-23
東豐纖維企業股份有限公司,東豐纖維企業股份有限公司 路竹織染廠,淨毒五郎有限公司,太陽能,8,2023,2024-07-16
上品王食品股份有限公司,石安牧場沼氣發電廠,歐萊德國際股份有限公司,生質能,16,2023,2024-07-12
財團法人工業技術研究院-六甲院區,財團法人工業技術研究院-六甲院區,綠點高新科技股份有限公司,太陽能,1,2023,2024-07-11
財團法人天主教靈醫會,長照二期太陽光電系統,捷順企業股份有限公司,太陽能,2,2023,2024-06-28
財團法人天主教靈醫會,聖嘉民老人照顧中心,捷順企業股份有限公司,太陽能,2,2023,2024-06-28
中華紙漿股份有限公司,中華紙漿股份有限公司花蓮廠,台灣優衣庫有限公司,生質能,208,2023,2024-06-24
萬家香醬園股份有限公司,萬家香三期,美商蘋果電子股份有限公司台灣分公司,太陽能,63,2023,2024-06-21
萬家香醬園股份有限公司,萬家香一期,美商蘋果電子股份有限公司台灣分公司,太陽能,78,2023,2024-06-21
中華紙漿股份有限公司,中華紙漿股份有限公司花蓮廠,台灣富士通將軍國際股份有限公司,生質能,152,2023,2024-06-21
萬家香醬園股份有限公司,萬家香二期,美商蘋果電子股份有限公司台灣分公司,太陽能,140,2023,2024-06-21
中華紙漿股份有限公司,中華紙漿股份有限公司花蓮廠,信義房屋股份有限公司,生質能,100,2023,2024-06-07
伯鑫工具股份有限公司,伯鑫工具太陽光電發,信義房屋股份有限公司,太陽能,71,2023,2024-06-03
中華紙漿股份有限公司,中華紙漿股份有限公司花蓮廠,台灣優衣庫有限公司,生質能,238,2023,2024-05-24
財團法人工業技術研究院-六甲院區,財團法人工業技術研究院-六甲院區,愛普生捷修網股份有限公司,太陽能,13,2023,2024-05-21
財團法人工業技術研究院-南創園區,財團法人工業技術研究院-南創園區,寬承精密有限公司,太陽能,2,2023,2024-05-15
聚陽實業股份有限公司,聚陽民雄廠太陽光電發電廠,第一化粧品廠股份有限公司,太陽能,10,2023,2024-05-09
中華紙漿股份有限公司,中華紙漿股份有限公司花蓮廠,台達電子工業股份有限公司,生質能,"1,801",2023,2024-05-08
永喆環保科技有限公司,永喆樹林一廠,信義房屋股份有限公司,太陽能,67,2023,2024-05-08
慶橋實業有限公司,慶橋實業有限公司,雷尼紹股份有限公司,太陽能,38,2023,2024-05-07
臺北市政府產業發展局,臺北市政府產業發展局,日益智慧能源股份有限公司,太陽能,1,2023,2024-05-04
慶橋實業有限公司,慶橋實業有限公司,信義房屋股份有限公司,太陽能,18,2023,2024-05-02
高雄市動物保護處,燕巢動物保護關愛園區(開放區),群翌能源股份有限公司,太陽能,5,2023,2024-05-01
高雄市動物保護處,燕巢動物保護關愛園區(行政區),群翌能源股份有限公司,太陽能,6,2023,2024-05-01
臺北市政府消防局,臺北市政府消防局寶橋分隊,嘉瓦士有限公司,太陽能,1,2023,2024-04-23
中華紙漿股份有限公司,中華紙漿股份有限公司花蓮廠,歐萊德國際股份有限公司,生質能,10,2023,2024-04-22
財團法人工業技術研究院-六甲院區,財團法人工業技術研究院-六甲院區,雲豹能源科技股份有限公司,太陽能,2,2023,2024-04-20
財團法人工業技術研究院-六甲院區,財團法人工業技術研究院-六甲院區,台灣愛普生科技股份有限公司,太陽能,10,2023,2024-04-20
財團法人工業技術研究院-六甲院區,財團法人工業技術研究院-六甲院區,台灣愛普生科技股份有限公司,太陽能,6,2023,2024-04-20
中華紙漿股份有限公司,中華紙漿股份有限公司花蓮廠,臺灣土地銀行（股）受託經管國泰一號不動產投資信託基金,生質能,142,2023,2024-04-20
中華紙漿股份有限公司,中華紙漿股份有限公司花蓮廠,台灣富時國際股份有限公司,生質能,396,2023,2024-04-19
客家委員會客家文化發展中心銅鑼園區,客家委員會客家文化發展中心銅鑼園區,宜鼎國際股份有限公司,太陽能,139,2023,2024-04-13
客家委員會客家文化發展中心六堆園區,客家委員會客家文化發展中心六堆園區,宜鼎國際股份有限公司,太陽能,98,2023,2024-04-13
客家委員會客家文化發展中心,六堆客家文化園區,宜鼎國際股份有限公司,太陽能,83,2023,2024-04-13
伯鑫工具股份有限公司,伯鑫工具太陽光電發,財團法人綠色和平基金會,太陽能,124,2023,2024-04-12
利佳興業股份有限公司,利佳興業股份有限公司,國泰人壽保險股份有限公司,太陽能,121,2023,2024-04-11
裕益汽車股份有限公司,順益一期,信義房屋股份有限公司,太陽能,218,2023,2024-04-11
財團法人桃園市私立脊髓損傷潛能發展中心,脊髓中心太陽光電系統,台灣大哥大股份有限公司,太陽能,67,2023,2024-04-09
財團法人桃園市幸福社會福利基金會,幸福基金會太陽光電系統,台灣大哥大股份有限公司,太陽能,95,2023,2024-04-09
中華紙漿股份有限公司,中華紙漿股份有限公司花蓮廠,鼎越開發股份有限公司,生質能,96,2023,2024-03-27
財團法人工業技術研究院,財團法人工業技術研究院-中興院區,台灣微軟營運有限公司,太陽能,"1,162",2023,2024-03-27
臺北市政府產業發展局,臺北市政府產業發展局新生公園夢想館,愛普生捷修網股份有限公司,太陽能,20,2023,2024-03-21
明徽能源股份有限公司,明徽能源股份有限公司,第一金人壽保險股份有限公司,太陽能,20,2023,2024-03-21
衛生福利部嘉南療養院,衛生福利部嘉南療養院1期,國泰世華商業銀行股份有限公司,太陽能,34,2023,2024-03-16
臺北市政府消防局,臺北市政府消防局寶橋分隊,晶豪科技股份有限公司,太陽能,3,2023,2024-03-15
國泰人壽保險股份有限公司,國泰人壽保險股份有限公司,至盈實業股份有限公司,太陽能,100,2023,2024-03-15
臺北市政府產業發展局,臺北市政府產業發展局 士東市場,賽諾菲股份有限公司,太陽能,19,2023,2024-03-13
臺北市政府產業發展局,臺北市政府產業發展局新生公園未來館,台灣愛普生科技股份有限公司,太陽能,20,2023,2024-03-13
國立海洋生物博物館,國立海洋生物博物館,台新國際商業銀行,太陽能,6,2023,2024-03-06
慶橋實業有限公司,慶橋實業有限公司,覺數據有限公司,太陽能,2,2023,2024-03-05
上品王食品股份有限公司,石安牧場沼氣發電廠,台灣積體電路製造股份有限公司,生質能,"1,708",2023,2024-03-05
中華紙漿股份有限公司,中華紙漿股份有限公司花蓮廠,歐萊德國際股份有限公司,生質能,38,2023,2024-03-02
中華紙漿股份有限公司,中華紙漿股份有限公司花蓮廠,品浩太平洋證券投資顧問股份有限公司,生質能,3,2023,2024-02-26
上品王食品股份有限公司,石安牧場沼氣發電廠,新加坡商安富利股份有限公司台灣分公司,生質能,50,2023,2024-02-21
上品王食品股份有限公司,石安牧場沼氣發電廠,鉅舵顧問有限公司,生質能,2,2023,2024-02-20
聚陽實業股份有限公司,聚陽民雄廠太陽光電發電廠,豐安物流股份有限公司,太陽能,1,2023,2024-02-19
財團法人工業技術研究院-光復院區,財團法人工業技術研究院-光復院區,德凱宜特股份有限公司,太陽能,32,2023,2024-01-31
財團法人宜蘭縣私立竹林養護院,竹林養護院,美科實業股份有限公司,太陽能,4,2023,2024-01-31
明徽能源股份有限公司,明徽能源_屋頂二期,玉山商業銀行股份有限公司,太陽能,359,2023,2024-01-25
光洋應用材料科技股份有限公司,光洋科機車棚,耀登科技股份有限公司,太陽能,20,2023,2024-01-25
衛生福利部嘉南療養院,衛生福利部嘉南療養院1期,國泰世華商業銀行股份有限公司,太陽能,54,2023,2024-01-24
中華紙漿股份有限公司,中華紙漿股份有限公司花蓮廠,安聯人壽保險股份有限公司,生質能,20,2023,2024-01-24
明徽能源股份有限公司,明徽能源_屋頂二期,台灣微軟營運有限公司,太陽能,600,2023,2024-01-20
中華紙漿股份有限公司,中華紙漿股份有限公司花蓮廠,台達電子工業股份有限公司,生質能,"3,000",2023,2024-01-19
中華紙漿股份有限公司,中華紙漿股份有限公司花蓮廠,國泰人壽保險股份有限公司,生質能,1,2023,2024-01-18
財團法人宜蘭縣私立竹林養護院,竹林養護院,美科實業股份有限公司,太陽能,24,2023,2024-01-10
財團法人工業技術研究院-中創園區,財團法人工業技術研究院-中創園區,台灣迪卡儂有限公司,太陽能,109,2023,2024-01-05
國立海洋生物博物館,國立海洋生物博物館,台新國際商業銀行,太陽能,7,2023,2024-01-03
財團法人天主教靈醫會,聖嘉民啟智中心,捷順企業股份有限公司,太陽能,12,2023,2024-01-02
明徽能源股份有限公司,明徽能源股份有限公司,玉山商業銀行股份有限公司,太陽能,50,2023,2023-12-29
財團法人工業技術研究院-六甲院區,財團法人工業技術研究院-六甲院區,台灣迪卡儂有限公司,太陽能,17,2023,2023-12-26
財團法人工業技術研究院-六甲院區,財團法人工業技術研究院-六甲院區,台灣迪卡儂有限公司,太陽能,250,2023,2023-12-26
上品王食品股份有限公司,石安牧場沼氣發電廠,大江生醫股份有限公司,生質能,10,2023,2023-12-25
財團法人天主教靈醫會,聖嘉民老人照顧中心,大江生醫股份有限公司,太陽能,14,2023,2023-12-23
明徽能源股份有限公司,明徽能源_屋頂二期,第一金人壽保險股份有限公司,太陽能,71,2023,2023-12-23
駿陞事業股份有限公司,昇恆昌金湖飯店案場,德凱宜特股份有限公司,太陽能,50,2023,2023-12-23
財團法人天主教靈醫會,長照二期太陽光電系統,大江生醫股份有限公司,太陽能,13,2023,2023-12-23
光洋應用材料科技股份有限公司,光洋科機車棚,台灣希克斯國際股份有限公司,太陽能,40,2023,2023-12-23
和平電力股份有限公司,和平電廠,台灣迪卡儂有限公司,太陽能,300,2023,2023-12-22
光洋應用材料科技股份有限公司,光洋科機車棚,國泰人壽保險股份有限公司,太陽能,1,2023,2023-12-15
中華紙漿股份有限公司,中華紙漿股份有限公司花蓮廠,中良工業股份有限公司,生質能,60,2023,2023-12-14
中華紙漿股份有限公司,中華紙漿股份有限公司花蓮廠,安聯證券投資信託股份有限公司,生質能,950,2023,2023-12-14
上品王食品股份有限公司,石安牧場沼氣發電廠,福記梅臺行,生質能,1,2023,2023-12-13
財團法人工業技術研究院-六甲院區,財團法人工業技術研究院-六甲院區,台灣米高蒲志國際股份有限公司,太陽能,1,2023,2023-12-13
上品王食品股份有限公司,石安牧場沼氣發電廠,銘汎有限公司,生質能,1,2023,2023-12-13
駿陞事業股份有限公司,昇恆昌金湖飯店案場,佳世達科技股份有限公司,太陽能,1,2023,2023-12-11
永喆環保科技有限公司,永喆樹林一廠,英富霖諮詢股份有限公司,太陽能,8,2023,2023-12-09
中華紙漿股份有限公司,中華紙漿股份有限公司花蓮廠,挪威商挪迪克半導體股份有限公司台灣分公司,生質能,"1,045",2023,2023-12-04
中華紙漿股份有限公司,中華紙漿股份有限公司花蓮廠,品浩太平洋證券投資顧問股份有限公司,生質能,250,2023,2023-12-01
國立海洋生物博物館,國立海洋生物博物館,台新國際商業銀行,太陽能,48,2023,2023-12-01
中華紙漿股份有限公司,中華紙漿股份有限公司花蓮廠,比利時商裕利安宜產物保險股份有限公司台灣分公司,生質能,55,2023,2023-11-30
交通部民用航空局臺中航空站,交通部民用航空局臺中航空站,綠點高新科技股份有限公司,太陽能,1,2023,2023-11-22
中華紙漿股份有限公司,中華紙漿股份有限公司花蓮廠,鋒岳潔能股份有限公司,生質能,1,2023,2023-11-20
裕益汽車股份有限公司,順益一期,玉山商業銀行股份有限公司,太陽能,400,2023,2023-11-16
中華紙漿股份有限公司,中華紙漿股份有限公司花蓮廠,銘汎有限公司,生質能,2,2023,2023-11-09
中華紙漿股份有限公司,中華紙漿股份有限公司花蓮廠,福記梅臺行,生質能,2,2023,2023-11-09
中華紙漿股份有限公司,中華紙漿股份有限公司花蓮廠,元太科技工業股份有限公司,生質能,300,2023,2023-11-08
中華紙漿股份有限公司,中華紙漿股份有限公司花蓮廠,元太科技工業股份有限公司,生質能,400,2023,2023-11-08
越峯電子材料股份有限公司,越峯電子材料股份有限公司,文曄科技股份有限公司,太陽能,10,2023,2023-11-08
臺北市政府產業發展局,臺北市政府產業發展局,晶豪科技股份有限公司,太陽能,4,2023,2023-11-08
上品王食品股份有限公司,石安牧場沼氣發電廠,欣欣天然氣股份有限公司,生質能,1,2023,2023-11-08
永喆環保科技有限公司,永喆樹林一廠,玉山商業銀行股份有限公司,太陽能,50,2023,2023-11-07
萬家香醬園股份有限公司,萬家香三期,美商蘋果電子股份有限公司台灣分公司,太陽能,100,2023,2023-11-06
明徽能源股份有限公司,明徽能源股份有限公司,合作金庫資產管理股份有限公司,太陽能,9,2023,2023-11-03
上品王食品股份有限公司,石安牧場沼氣發電廠,嵩億工業股份有限公司,生質能,1,2023,2023-11-03
萬家香醬園股份有限公司,萬家香一期,美商蘋果電子股份有限公司台灣分公司,太陽能,116,2023,2023-11-03
萬家香醬園股份有限公司,萬家香二期,美商蘋果電子股份有限公司台灣分公司,太陽能,220,2023,2023-11-03
中華紙漿股份有限公司,中華紙漿股份有限公司花蓮廠,安聯人壽保險股份有限公司,生質能,"2,500",2023,2023-10-28
中華紙漿股份有限公司,中華紙漿股份有限公司花蓮廠,聯合聚晶股份有限公司,生質能,5,2023,2023-10-28
臺北市政府產業發展局,臺北市政府產業發展局新生公園夢想館,雲豹能源科技股份有限公司,太陽能,5,2023,2023-10-28
臺北市政府消防局,臺北市政府消防局寶橋分隊,雲豹能源科技股份有限公司,太陽能,2,2023,2023-10-28
高雄市動物保護處,燕巢動物保護關愛園區(開放區),群翌能源股份有限公司,太陽能,7,2023,2023-10-26
高雄市動物保護處,燕巢動物保護關愛園區(行政區),群翌能源股份有限公司,太陽能,6,2023,2023-10-26
中華紙漿股份有限公司,中華紙漿股份有限公司花蓮廠,台灣積體電路製造股份有限公司,生質能,5,2023,2023-10-24
中華紙漿股份有限公司,中華紙漿股份有限公司花蓮廠,東頡材料科技股份有限公司,生質能,1,2023,2023-10-23
臺北市政府產業發展局,臺北市政府產業發展局新生公園未來館,安聯人壽保險股份有限公司,太陽能,37,2023,2023-10-17
中華紙漿股份有限公司,中華紙漿股份有限公司花蓮廠,醫揚科技股份有限公司,生質能,1,2023,2023-10-17
臺北市政府產業發展局,臺北市政府產業發展局 士東市場,安聯人壽保險股份有限公司,太陽能,19,2023,2023-10-17
臺北市政府產業發展局,臺北市政府產業發展局 興隆市場,群翌能源股份有限公司,太陽能,3,2023,2023-10-14
臺北市政府產業發展局,臺北市政府產業發展局 興隆市場,第一化粧品廠股份有限公司,太陽能,1,2023,2023-10-13
開陽能源股份有限公司,開陽能源股份有限公司,新加坡商安富利股份有限公司台灣分公司,太陽能,2,2023,2023-10-06
永喆環保科技有限公司,永喆樹林一廠,宏碁股份有限公司,太陽能,3,2023,2023-10-05
財團法人宜蘭縣私立竹林養護院,竹林養護院,耀登科技股份有限公司,太陽能,20,2023,2023-10-03
中華紙漿股份有限公司,中華紙漿股份有限公司花蓮廠,歐萊德國際股份有限公司,生質能,17,2023,2023-09-09
中華紙漿股份有限公司,中華紙漿股份有限公司花蓮廠,永信旅行社股份有限公司,生質能,5,2023,2023-08-26
中華紙漿股份有限公司,中華紙漿股份有限公司花蓮廠,嘉瓦士有限公司,生質能,1,2023,2023-08-15
中華紙漿股份有限公司,中華紙漿股份有限公司花蓮廠,銘汎有限公司,生質能,1,2023,2023-08-14
中華紙漿股份有限公司,中華紙漿股份有限公司花蓮廠,福記梅臺行,生質能,1,2023,2023-08-11
財團法人天主教靈醫會,聖嘉民啟智中心,捷順企業股份有限公司,太陽能,9,2023,2023-08-09
中華紙漿股份有限公司,中華紙漿股份有限公司花蓮廠,博仲法律事務所,生質能,22,2023,2023-08-01
衛生福利部嘉南療養院,衛生福利部嘉南療養院1期,國泰世華商業銀行股份有限公司,太陽能,32,2023,2023-07-20
上品王食品股份有限公司,石安牧場沼氣發電廠,欣泰石油氣股份有限公司,生質能,1,2023,2023-07-17
上品王食品股份有限公司,石安牧場沼氣發電廠,合作金庫創業投資股份有限公司,生質能,7,2023,2023-07-07
明徽能源股份有限公司,明徽能源股份有限公司,金豐盛工具股份有限公司,太陽能,2,2023,2023-07-01
上品王食品股份有限公司,石安牧場沼氣發電廠,第一金融管理顧問股份有限公司,生質能,2,2023,2023-06-30
財團法人天主教靈醫會,長照二期太陽光電系統,大江生醫股份有限公司,太陽能,5,2023,2023-06-28
財團法人天主教靈醫會,聖嘉民老人照顧中心,大江生醫股份有限公司,太陽能,6,2023,2023-06-28
國立海洋生物博物館,國立海洋生物博物館,台新國際商業銀行,太陽能,12,2023,2023-06-17
萬家香醬園股份有限公司,萬家香一期,美商蘋果電子股份有限公司台灣分公司,太陽能,11,2023,2023-04-28
萬家香醬園股份有限公司,萬家香三期,美商蘋果電子股份有限公司台灣分公司,太陽能,9,2023,2023-04-28
萬家香醬園股份有限公司,萬家香二期,美商蘋果電子股份有限公司台灣分公司,太陽能,19,2023,2023-04-28
臺北市北投區公所,臺北市北投區公所,台灣橫河股份有限公司,太陽能,27,2022,2025-05-09
明徽能源股份有限公司,明徽能源_屋頂二期,奇鼎科技股份有限公司,太陽能,226,2022,2024-11-23
明徽能源股份有限公司,明徽能源股份有限公司,奇鼎科技股份有限公司,太陽能,1,2022,2024-11-14
臺北市立金華國民中學,臺北市立金華國民中學,劉**,太陽能,1,2022,2024-11-06
臺北市文山區公所,臺北市文山區公所,台灣美佳境股份有限公司,太陽能,18,2022,2024-10-08
明徽能源股份有限公司,明徽能源_屋頂二期,富順餐廳,太陽能,10,2022,2024-01-12
財團法人工業技術研究院,財團法人工業技術研究院-中興院區,台灣迪卡儂有限公司,太陽能,762,2022,2024-01-12
臺灣水泥股份有限公司,台泥大樓屋頂太陽能光電,台灣迪卡儂有限公司,太陽能,45,2022,2024-01-02
台灣水泥股份有限公司高雄水泥製品廠嘉義分廠,台灣水泥股份有限公司高雄水泥製品廠嘉義分廠,台灣迪卡儂有限公司,太陽能,2,2022,2024-01-02
台灣水泥股份有限公司蘇澳廠,太白山礦場太陽能發電站,台灣迪卡儂有限公司,太陽能,1,2022,2024-01-02
財團法人工業技術研究院-六甲院區,財團法人工業技術研究院-六甲院區,台灣迪卡儂有限公司,太陽能,31,2022,2023-12-26
和平電力股份有限公司,和平電廠,台灣迪卡儂有限公司,太陽能,322,2022,2023-12-22
台灣水泥股份有限公司高雄水泥製品廠,台灣水泥股份有限公司高雄水泥製品廠,台灣迪卡儂有限公司,太陽能,1,2022,2023-12-22
台灣水泥股份有限公司和平分公司,台灣水泥股份有限公司和平廠 (第一期：智能倉庫),台灣迪卡儂有限公司,太陽能,1,2022,2023-12-20
台灣水泥股份有限公司和平分公司,台灣水泥股份有限公司和平廠(DAKA園區),台灣迪卡儂有限公司,太陽能,1,2022,2023-12-20
台灣水泥股份有限公司台中水泥製品廠,台灣水泥股份有限公司台中水泥製品廠大肚分廠,台灣迪卡儂有限公司,太陽能,19,2022,2023-12-20
台灣水泥股份有限公司台中水泥製品廠,台灣水泥股份有限公司台中水泥製品廠,台灣迪卡儂有限公司,太陽能,6,2022,2023-12-20
財團法人工業技術研究院,財團法人工業技術研究院-中興院區,愛德華先進科技股份有限公司,太陽能,600,2022,2023-10-21
明徽能源股份有限公司,明徽能源股份有限公司,臺灣土地銀行（股）受託經管國泰一號不動產投資信託基金,太陽能,26,2022,2023-10-20
明徽能源股份有限公司,明徽能源_屋頂二期,今周文化事業股份有限公司,太陽能,2,2022,2023-10-17
財團法人工業技術研究院-中創園區,財團法人工業技術研究院-中創園區,東方超捷國際物流股份有限公司,太陽能,17,2022,2023-08-01
衛生福利部嘉南療養院,衛生福利部嘉南療養院1期,國泰世華商業銀行股份有限公司,太陽能,18,2022,2023-07-20
財團法人天主教靈醫會,長照二期太陽光電系統,大江生醫股份有限公司,太陽能,2,2022,2023-06-28
財團法人天主教靈醫會,聖嘉民老人照顧中心,大江生醫股份有限公司,太陽能,2,2022,2023-06-28
利佳興業股份有限公司,利佳興業股份有限公司,國泰人壽保險股份有限公司,太陽能,139,2022,2023-06-19
國泰人壽保險股份有限公司,國泰烏日辦公室,宏碁股份有限公司,太陽能,233,2022,2023-06-09
國泰人壽保險股份有限公司,國泰人壽保險股份有限公司,宏碁股份有限公司,太陽能,118,2022,2023-06-09
國泰人壽保險股份有限公司,國泰人壽保險股份有限公司,宏碁股份有限公司,太陽能,59,2022,2023-06-09
國泰人壽保險股份有限公司,置地廣場桃園,宏碁股份有限公司,太陽能,39,2022,2023-06-09
台灣綠氫股份有限公司,台灣綠氫_餘氫再生系統,台塑勝高科技股份有限公司,其他能源,10,2022,2023-06-08
臺北市政府產業發展局,臺北市政府產業發展局新生公園未來館,賽諾菲股份有限公司,太陽能,15,2022,2023-06-03
臺北市政府產業發展局,臺北市政府產業發展局 興隆市場,信義房屋股份有限公司,太陽能,5,2022,2023-05-27
國立高雄科技大學,國立高雄科技大學,矽品精密工業股份有限公司,太陽能,20,2022,2023-05-24
國立高雄科技大學,國立高雄科技大學,矽品精密工業股份有限公司,太陽能,10,2022,2023-05-24
客家委員會客家文化發展中心銅鑼園區,客家委員會客家文化發展中心銅鑼園區,國泰人壽保險股份有限公司,太陽能,109,2022,2023-05-20
客家委員會客家文化發展中心六堆園區,客家委員會客家文化發展中心六堆園區,國泰人壽保險股份有限公司,太陽能,1,2022,2023-05-20
客家委員會客家文化發展中心,六堆客家文化園區,國泰人壽保險股份有限公司,太陽能,6,2022,2023-05-20
交通部民用航空局臺中航空站,交通部民用航空局臺中航空站,東方超捷國際物流股份有限公司,太陽能,10,2022,2023-05-20
財團法人宜蘭縣私立竹林養護院,竹林養護院,淨毒五郎有限公司,太陽能,2,2022,2023-05-19
臺北市政府產業發展局,臺北市政府產業發展局 士東市場,愛德萬測試股份有限公司,太陽能,11,2022,2023-05-18
臺北市政府產業發展局,臺北市政府產業發展局,台灣碳交易股份有限公司,太陽能,1,2022,2023-05-18
臺北市政府產業發展局,臺北市政府產業發展局新生公園夢想館,愛德萬測試股份有限公司,太陽能,20,2022,2023-05-18
臺北市政府產業發展局,臺北市政府產業發展局新生公園未來館,愛德萬測試股份有限公司,太陽能,1,2022,2023-05-18
裕益汽車股份有限公司,順益一期,信義房屋股份有限公司,太陽能,1,2022,2023-05-15
上品王食品股份有限公司,石安牧場沼氣發電廠,宏碁股份有限公司,生質能,101,2022,2023-05-09
上品王食品股份有限公司,石安牧場沼氣發電廠,宏碁股份有限公司,生質能,58,2022,2023-05-09
裕益汽車股份有限公司,順益一期,宏碁股份有限公司,太陽能,59,2022,2023-05-04
國立澎湖科技大學,國立澎湖科技大學,兆豐金融控股股份有限公司,太陽能,298,2022,2023-05-04
萬家香醬園股份有限公司,萬家香一期,美商蘋果電子股份有限公司台灣分公司,太陽能,110,2022,2023-04-28
萬家香醬園股份有限公司,萬家香二期,美商蘋果電子股份有限公司台灣分公司,太陽能,143,2022,2023-04-28
萬家香醬園股份有限公司,萬家香三期,美商蘋果電子股份有限公司台灣分公司,太陽能,65,2022,2023-04-28
永喆環保科技有限公司,永喆樹林一廠,風睿能源股份有限公司,太陽能,25,2022,2023-04-26
交通部民用航空局臺中航空站,交通部民用航空局臺中航空站,國泰證券投資信託股份有限公司,太陽能,8,2022,2023-04-26
裕益汽車股份有限公司,順益一期,愛德萬測試股份有限公司,太陽能,22,2022,2023-04-18
上品王食品股份有限公司,石安牧場沼氣發電廠,宏碁股份有限公司,生質能,200,2022,2023-04-18
上品王食品股份有限公司,石安牧場沼氣發電廠,宏碁股份有限公司,生質能,100,2022,2023-04-18
交通部民用航空局臺中航空站,交通部民用航空局臺中航空站,愛德萬測試股份有限公司,太陽能,36,2022,2023-04-18
高雄市動物保護處,燕巢動物保護關愛園區(行政區),宜鼎國際股份有限公司,太陽能,2,2022,2023-04-15
高雄市動物保護處,燕巢動物保護關愛園區(開放區),宜鼎國際股份有限公司,太陽能,3,2022,2023-04-15
客家委員會客家文化發展中心六堆園區,客家委員會客家文化發展中心六堆園區,國泰世紀產物保險股份有限公司,太陽能,114,2022,2023-04-11
裕益汽車股份有限公司,順益一期,華信光電科技股份有限公司,太陽能,5,2022,2023-04-10
客家委員會客家文化發展中心,六堆客家文化園區,國泰金融控股股份有限公司,太陽能,82,2022,2023-04-08
財團法人宜蘭縣私立竹林養護院,竹林養護院,台灣好室有限公司,太陽能,1,2022,2023-04-08
裕益汽車股份有限公司,順益一期,綺緯生命科學股份有限公司,太陽能,1,2022,2023-04-07
裕益汽車股份有限公司,順益一期,宏碁股份有限公司,太陽能,298,2022,2023-04-07
財團法人工業技術研究院-中創園區,財團法人工業技術研究院-中創園區,國泰世華商業銀行股份有限公司,太陽能,126,2022,2023-03-28
財團法人桃園市私立脊髓損傷潛能發展中心,脊髓中心太陽光電系統,台灣大哥大股份有限公司,太陽能,64,2022,2023-03-26
台灣水泥股份有限公司蘇澳廠,太白山礦場太陽能發電站,國泰世華商業銀行股份有限公司,太陽能,4,2022,2023-03-25
裕益汽車股份有限公司,順益一期,華信光電科技股份有限公司,太陽能,1,2022,2023-03-24
國立海洋生物博物館,國立海洋生物博物館,德紐股份有限公司,太陽能,20,2022,2023-03-23
裕益汽車股份有限公司,順益一期,風睿能源股份有限公司,太陽能,20,2022,2023-03-23
明徽能源股份有限公司,明徽能源股份有限公司,森崴能源股份有限公司,太陽能,2,2022,2023-03-21
財團法人工業技術研究院-六甲院區,財團法人工業技術研究院-六甲院區,國泰世華商業銀行股份有限公司,太陽能,33,2022,2023-03-16
裕益汽車股份有限公司,順益一期,財團法人綠色和平基金會,太陽能,1,2022,2023-03-15
裕益汽車股份有限公司,順益一期,華東科技股份有限公司,太陽能,10,2022,2023-03-14
裕益汽車股份有限公司,順益一期,國泰世華商業銀行股份有限公司,太陽能,50,2022,2023-03-14
裕益汽車股份有限公司,順益一期,博仲法律事務所,太陽能,1,2022,2023-03-14
財團法人宜蘭縣私立竹林養護院,竹林養護院,淨毒五郎有限公司,太陽能,5,2022,2023-03-11
交通部民用航空局臺中航空站,交通部民用航空局臺中航空站,國泰世紀產物保險股份有限公司,太陽能,75,2022,2023-03-10
台灣水泥股份有限公司高雄水泥製品廠,台灣水泥股份有限公司高雄水泥製品廠,國泰世華商業銀行股份有限公司,太陽能,2,2022,2023-03-08
台灣水泥股份有限公司台中水泥製品廠,台灣水泥股份有限公司台中水泥製品廠大肚分廠,國泰世華商業銀行股份有限公司,太陽能,3,2022,2023-03-03
財團法人工業技術研究院,財團法人工業技術研究院-中興院區,國泰世華商業銀行股份有限公司,太陽能,236,2022,2023-03-03
上品王食品股份有限公司,石安牧場沼氣發電廠,精誠資訊股份有限公司,生質能,18,2022,2023-03-03
臺北市政府產業發展局,臺北市政府產業發展局新生公園未來館,國泰綜合證券股份有限公司,太陽能,20,2022,2023-03-02
財團法人桃園市幸福社會福利基金會,幸福基金會太陽光電系統,台灣大哥大股份有限公司,太陽能,22,2022,2023-02-28
明徽能源股份有限公司,明徽能源_屋頂二期,第一金人壽保險股份有限公司,太陽能,42,2022,2023-02-28
臺北市政府消防局,臺北市政府消防局寶橋分隊,宏碁股份有限公司,太陽能,2,2022,2023-02-24
明徽能源股份有限公司,明徽能源_屋頂二期,聯詠科技股份有限公司,太陽能,30,2022,2023-02-24
臺北市政府產業發展局,臺北市政府產業發展局,國泰世華商業銀行股份有限公司,太陽能,4,2022,2023-02-24
臺北市政府產業發展局,臺北市政府產業發展局 士東市場,國泰世華商業銀行股份有限公司,太陽能,20,2022,2023-02-24
臺北市政府產業發展局,臺北市政府產業發展局新生公園未來館,胤源企業有限公司,太陽能,2,2022,2023-02-24
臺北市政府產業發展局,臺北市政府產業發展局新生公園未來館,宏碁股份有限公司,太陽能,21,2022,2023-02-24
臺北市政府產業發展局,臺北市政府產業發展局新生公園夢想館,宏碁股份有限公司,太陽能,46,2022,2023-02-24
臺北市政府產業發展局,臺北市政府產業發展局 興隆市場,精誠資訊股份有限公司,太陽能,16,2022,2023-02-24
台灣水泥股份有限公司和平分公司,台灣水泥股份有限公司和平廠 (第一期：智能倉庫),國泰世華商業銀行股份有限公司,太陽能,1,2022,2023-02-24
台灣水泥股份有限公司高雄水泥製品廠,台灣水泥股份有限公司高雄水泥製品廠,國泰世華商業銀行股份有限公司,太陽能,8,2022,2023-02-24
明徽能源股份有限公司,明徽能源_屋頂二期,聯詠科技股份有限公司,太陽能,8,2022,2023-02-24
台灣水泥股份有限公司和平分公司,台灣水泥股份有限公司和平廠 (第一期：智能倉庫),國泰世華商業銀行股份有限公司,太陽能,12,2022,2023-02-22
臺北大眾捷運股份有限公司,北投機廠(工務處),精誠資訊股份有限公司,太陽能,27,2022,2023-02-18
裕益汽車股份有限公司,順益一期,博仲法律事務所,太陽能,1,2022,2023-02-17
越峯電子材料股份有限公司,越峯電子材料股份有限公司,精誠資訊股份有限公司,太陽能,15,2022,2023-02-17
財團法人工業技術研究院-六甲院區,財團法人工業技術研究院-六甲院區,國泰世華商業銀行股份有限公司,太陽能,195,2022,2023-02-15
裕益汽車股份有限公司,順益一期,康舒科技股份有限公司,太陽能,5,2022,2023-02-15
高雄市動物保護處,燕巢動物保護關愛園區(開放區),宜鼎國際股份有限公司,太陽能,10,2022,2023-02-15
高雄市動物保護處,燕巢動物保護關愛園區(行政區),宜鼎國際股份有限公司,太陽能,9,2022,2023-02-15
財團法人工業技術研究院-六甲院區,財團法人工業技術研究院-六甲院區,國泰世華商業銀行股份有限公司,太陽能,31,2022,2023-02-15
東元電機股份有限公司,東元電機中壢太陽能系統,玉山商業銀行股份有限公司,太陽能,10,2022,2023-02-08
衛生福利部嘉南療養院,衛生福利部嘉南療養院1期,國泰世華商業銀行股份有限公司,太陽能,50,2022,2023-02-02
財團法人工業技術研究院-中創園區,財團法人工業技術研究院-中創園區,玉山商業銀行股份有限公司,太陽能,216,2022,2023-01-14
凱銳北區汽車股份有限公司,凱銳汽車新莊廠二期15.4KW,聯詠科技股份有限公司,太陽能,12,2022,2023-01-12
明徽能源股份有限公司,明徽能源_屋頂二期,水星媒體股份有限公司,太陽能,106,2022,2023-01-12
全利能源實業股份有限公司,全利能源實業股份有限公司,國泰世華商業銀行股份有限公司,太陽能,9,2022,2023-01-06
明徽能源股份有限公司,明徽能源_屋頂二期,國泰世華商業銀行股份有限公司,太陽能,20,2022,2023-01-05
財團法人天主教靈醫會,長照二期太陽光電系統,大江生醫股份有限公司,太陽能,13,2022,2022-12-31
國立海洋生物博物館,國立海洋生物博物館,德紐股份有限公司,太陽能,22,2022,2022-12-31
財團法人天主教靈醫會,聖嘉民老人照顧中心,大江生醫股份有限公司,太陽能,14,2022,2022-12-31
國立海洋生物博物館,國立海洋生物博物館,樂活酒窖股份有限公司,太陽能,6,2022,2022-12-31
明徽能源股份有限公司,明徽能源股份有限公司,第一金證券股份有限公司,太陽能,68,2022,2022-12-30
開陽能源股份有限公司,開陽能源股份有限公司,國泰世華商業銀行股份有限公司,太陽能,10,2022,2022-12-29
李長榮實業股份有限公司,李長榮實業股份有限公司,國泰世華商業銀行股份有限公司,太陽能,49,2022,2022-12-29
明徽能源股份有限公司,明徽能源_屋頂二期,國泰世華商業銀行股份有限公司,太陽能,300,2022,2022-12-29
明徽能源股份有限公司,明徽能源_屋頂二期,台灣萊雅股份有限公司,太陽能,30,2022,2022-12-22
明徽能源股份有限公司,明徽能源_屋頂二期,國泰世紀產物保險股份有限公司,太陽能,50,2022,2022-12-22
明徽能源股份有限公司,明徽能源_屋頂二期,國泰金融控股股份有限公司,太陽能,75,2022,2022-12-22
財團法人宜蘭縣私立竹林養護院,竹林養護院,美科實業股份有限公司,太陽能,20,2022,2022-12-07
萬家香醬園股份有限公司,萬家香一期,美商蘋果電子股份有限公司台灣分公司,太陽能,97,2022,2022-12-07
萬家香醬園股份有限公司,萬家香二期,美商蘋果電子股份有限公司台灣分公司,太陽能,185,2022,2022-12-07
萬家香醬園股份有限公司,萬家香三期,美商蘋果電子股份有限公司台灣分公司,太陽能,86,2022,2022-12-07
明徽能源股份有限公司,明徽能源_屋頂二期,國泰世華商業銀行股份有限公司,太陽能,50,2022,2022-12-03
國立海洋生物博物館,國立海洋生物博物館,台新國際商業銀行,太陽能,50,2022,2022-11-12
臺北市政府產業發展局,臺北市政府產業發展局新生公園未來館,國泰金融控股股份有限公司,太陽能,24,2022,2022-11-10
臺北市政府產業發展局,臺北市政府產業發展局新生公園未來館,電轉轉電力股份有限公司,太陽能,6,2022,2022-11-09
明徽能源股份有限公司,明徽能源_屋頂二期,緯穎科技服務股份有限公司,太陽能,50,2022,2022-11-02
臺北市政府消防局,臺北市政府消防局寶橋分隊,宜鼎國際股份有限公司,太陽能,4,2022,2022-11-02
臺北市政府產業發展局,臺北市政府產業發展局新生公園夢想館,宜鼎國際股份有限公司,太陽能,19,2022,2022-10-27
臺北市政府產業發展局,臺北市政府產業發展局,緯穎科技服務股份有限公司,太陽能,2,2022,2022-10-22
臺北市政府產業發展局,臺北市政府產業發展局 興隆市場,精誠資訊股份有限公司,太陽能,13,2022,2022-10-18
臺北市政府產業發展局,臺北市政府產業發展局 士東市場,國泰世華商業銀行股份有限公司,太陽能,21,2022,2022-10-13
臺北市政府產業發展局,臺北市政府產業發展局新生公園夢想館,博仲法律事務所,太陽能,15,2022,2022-10-06
明徽能源股份有限公司,明徽能源_屋頂二期,孟合國際股份有限公司,太陽能,140,2022,2022-10-05
衛生福利部嘉南療養院,衛生福利部嘉南療養院1期,國泰世華商業銀行股份有限公司,太陽能,55,2022,2022-09-30
財團法人宜蘭縣私立竹林養護院,竹林養護院,耀登科技股份有限公司,太陽能,20,2022,2022-09-22
財團法人天主教靈醫會,聖嘉民老人照顧中心,大江生醫股份有限公司,太陽能,5,2022,2022-09-07
財團法人天主教靈醫會,長照二期太陽光電系統,大江生醫股份有限公司,太陽能,5,2022,2022-09-07
明徽能源股份有限公司,明徽能源_屋頂二期,孟合國際股份有限公司,太陽能,70,2022,2022-08-25
衛生福利部嘉南療養院,衛生福利部嘉南療養院1期,台新國際商業銀行,太陽能,13,2022,2022-08-06
財團法人工業技術研究院-六甲院區,財團法人工業技術研究院-六甲院區,國泰世華商業銀行股份有限公司,太陽能,151,2022,2022-08-05
明徽能源股份有限公司,明徽能源_屋頂二期,中強光電股份有限公司(力行廠),太陽能,47,2022,2022-08-05
明徽能源股份有限公司,明徽能源股份有限公司,若水數位評價股份有限公司,太陽能,5,2022,2022-07-29
明徽能源股份有限公司,明徽能源_屋頂二期,中強光電股份有限公司南科二廠,太陽能,28,2022,2022-07-27
明徽能源股份有限公司,明徽能源_屋頂二期,奇鼎科技股份有限公司,太陽能,40,2021,2025-04-08
明徽能源股份有限公司,明徽能源_屋頂二期,德麥食品股份有限公司,太陽能,1,2021,2025-01-20
明徽能源股份有限公司,明徽能源_屋頂二期,奇鼎科技股份有限公司,太陽能,123,2021,2024-11-23
明徽能源股份有限公司,明徽能源股份有限公司,奇鼎科技股份有限公司,太陽能,23,2021,2024-11-23
財團法人桃園市私立脊髓損傷潛能發展中心,脊髓中心太陽光電系統,台灣大哥大股份有限公司,太陽能,8,2021,2023-03-26
國立海洋生物博物館,國立海洋生物博物館,德紐股份有限公司,太陽能,6,2021,2023-03-23
財團法人桃園市幸福社會福利基金會,幸福基金會太陽光電系統,台灣大哥大股份有限公司,太陽能,8,2021,2023-02-28
全利能源實業股份有限公司,全利能源實業股份有限公司,鉅舵顧問有限公司,太陽能,1,2021,2023-01-06
李長榮實業股份有限公司,李長榮實業股份有限公司,鉅舵顧問有限公司,太陽能,1,2021,2022-12-30
國立高雄科技大學,國立高雄科技大學,矽品精密工業股份有限公司,太陽能,13,2021,2022-12-24
萬家香醬園股份有限公司,萬家香一期,美商蘋果電子股份有限公司台灣分公司,太陽能,15,2021,2022-12-07
萬家香醬園股份有限公司,萬家香三期,美商蘋果電子股份有限公司台灣分公司,太陽能,12,2021,2022-12-07
萬家香醬園股份有限公司,萬家香二期,美商蘋果電子股份有限公司台灣分公司,太陽能,25,2021,2022-12-07
明徽能源股份有限公司,明徽能源_屋頂二期,緯穎科技服務股份有限公司,太陽能,150,2021,2022-11-02
臺北市政府產業發展局,臺北市政府產業發展局新生公園夢想館,中華電信股份有限公司,太陽能,1,2021,2022-10-06
臺北市政府產業發展局,臺北市政府產業發展局新生公園夢想館,博仲法律事務所,太陽能,5,2021,2022-09-29
臺北市政府產業發展局,臺北市政府產業發展局新生公園未來館,永智顧問股份有限公司,太陽能,1,2021,2022-09-23
財團法人天主教靈醫會,聖嘉民老人照顧中心,大江生醫股份有限公司,太陽能,2,2021,2022-09-07
財團法人天主教靈醫會,長照二期太陽光電系統,大江生醫股份有限公司,太陽能,2,2021,2022-09-07
台灣積體電路製造股份有限公司,台灣積體電路製造股份有限公司F15P7,台灣積體電路製造股份有限公司,太陽能,142,2021,2022-08-17
台灣積體電路製造股份有限公司F15P3(C1作業廠房),F15P3(C1作業廠房),台灣積體電路製造股份有限公司,太陽能,254,2021,2022-08-17
台灣積體電路製造股份有限公司F15P1(C1作業廠房),F15P1(C1作業廠房),台灣積體電路製造股份有限公司,太陽能,53,2021,2022-08-17
台灣積體電路製造股份有限公司F14,台灣積體電路製造股份有限公司F14P3 候車亭,台灣積體電路製造股份有限公司,太陽能,37,2021,2022-08-17
台灣積體電路製造股份有限公司F14,台灣積體電路製造股份有限公司F14 Warehouse,台灣積體電路製造股份有限公司,太陽能,189,2021,2022-08-17
台灣積體電路製造股份有限公司F14,台灣積體電路製造股份有限公司F14P1 Office屋頂,台灣積體電路製造股份有限公司,太陽能,77,2021,2022-08-17
台灣積體電路製造股份有限公司F14,台灣積體電路製造股份有限公司F14P7 停車場,台灣積體電路製造股份有限公司,太陽能,324,2021,2022-08-17
台灣積體電路製造股份有限公司F14,台灣積體電路製造股份有限公司F14P3 Office屋頂,台灣積體電路製造股份有限公司,太陽能,139,2021,2022-08-17
台灣積體電路製造股份有限公司(F15B辦公室頂樓),台灣積體電路製造股份有限公司(F15B辦公棟頂樓),台灣積體電路製造股份有限公司,太陽能,311,2021,2022-08-17
台灣積體電路製造股份有限公司(辦公室候車亭),台灣積體電路製造股份有限公司 (辦公棟候車亭),台灣積體電路製造股份有限公司,太陽能,45,2021,2022-08-17
台灣積體電路製造股份有限公司,台灣積體電路製造股份有限公司F14P5滯洪池太陽能二期,台灣積體電路製造股份有限公司,太陽能,433,2021,2022-08-17
台灣積體電路製造股份有限公司F6,台灣積體電路製造股份有限公司六廠,台灣積體電路製造股份有限公司,太陽能,274,2021,2022-08-17
台灣積體電路製造股份有限公司(F15P5植生牆),台灣積體電路製造股份有限公司 (F15P5植生牆),台灣積體電路製造股份有限公司,太陽能,223,2021,2022-08-17
台灣積體電路製造股份有限公司,台灣積體電路製造股份有限公司F14P5滯洪池太陽能一期,台灣積體電路製造股份有限公司,太陽能,371,2021,2022-08-17
國立高雄大學法學院,國立高雄大學法學院,日月光半導體製造股份有限公司,太陽能,12,2021,2022-06-28
臺北市政府產業發展局,臺北市政府產業發展局新生公園夢想館,愛德萬測試股份有限公司,太陽能,17,2021,2022-06-02
臺北市政府產業發展局,臺北市政府產業發展局新生公園未來館,日月光半導體製造股份有限公司,太陽能,13,2021,2022-06-02
臺北市政府產業發展局,臺北市政府產業發展局新生公園夢想館,緯穎科技服務股份有限公司,太陽能,1,2021,2022-06-02
財團法人工業技術研究院-中創園區,財團法人工業技術研究院-中創園區,愛德萬測試股份有限公司,太陽能,36,2021,2022-05-20
臺北市政府產業發展局,臺北市政府產業發展局新生公園未來館,高**,太陽能,2,2021,2022-05-20
臺北市政府產業發展局,臺北市政府產業發展局新生公園未來館,象騰顧問股份有限公司,太陽能,1,2021,2022-05-20
國立高雄大學行政大樓,國立高雄大學行政大樓,日月光半導體製造股份有限公司,太陽能,1,2021,2022-05-20
臺北市政府產業發展局,臺北市政府產業發展局,華信光電科技股份有限公司,太陽能,1,2021,2022-05-20
萬家香醬園股份有限公司,萬家香三期,美商蘋果電子股份有限公司台灣分公司,太陽能,75,2021,2022-05-20
萬家香醬園股份有限公司,萬家香二期,美商蘋果電子股份有限公司台灣分公司,太陽能,166,2021,2022-05-20
萬家香醬園股份有限公司,萬家香一期,美商蘋果電子股份有限公司台灣分公司,太陽能,90,2021,2022-05-20
交通部民用航空局臺中航空站,交通部民用航空局臺中航空站,英業達股份有限公司,太陽能,1,2021,2022-05-03
明徽能源股份有限公司,明徽能源股份有限公司,南茂科技股份有限公司,太陽能,5,2021,2022-05-03
臺北市政府消防局,臺北市政府消防局寶橋分隊,精誠資訊股份有限公司,太陽能,3,2021,2022-04-25
交通部民用航空局臺中航空站,交通部民用航空局臺中航空站,華信光電科技股份有限公司,太陽能,1,2021,2022-04-25
高雄市動物保護處,燕巢動物保護關愛園區(行政區),樂活酒窖股份有限公司,太陽能,2,2021,2022-04-25
高雄市動物保護處,燕巢動物保護關愛園區(開放區),樂活酒窖股份有限公司,太陽能,2,2021,2022-04-25
交通部民用航空局臺中航空站,交通部民用航空局臺中航空站,華南商業銀行股份有限公司,太陽能,40,2021,2022-04-25
台灣糖業股份有限公司,台灣糖業股份有限公司畜殖事業部大響營第一畜殖場,華南商業銀行股份有限公司,生質能,16,2021,2022-04-25
衛生福利部嘉南療養院,衛生福利部嘉南療養院1期,台新國際商業銀行,太陽能,103,2021,2022-04-25
國立海洋生物博物館,國立海洋生物博物館,台新國際商業銀行,太陽能,20,2021,2022-04-25
利佳興業股份有限公司,利佳興業股份有限公司,國泰人壽保險股份有限公司,太陽能,10,2021,2022-04-25
客家委員會客家文化發展中心六堆園區,客家委員會客家文化發展中心六堆園區,兆豐金融控股股份有限公司,太陽能,124,2021,2022-04-12
客家委員會客家文化發展中心,六堆客家文化園區,兆豐金融控股股份有限公司,太陽能,88,2021,2022-04-12
客家委員會客家文化發展中心銅鑼園區,客家委員會客家文化發展中心銅鑼園區,兆豐金融控股股份有限公司,太陽能,145,2021,2022-04-12
臺北市政府產業發展局,臺北市政府產業發展局新生公園夢想館,愛德萬測試股份有限公司,太陽能,43,2021,2022-03-31
臺北市政府產業發展局,臺北市政府產業發展局新生公園夢想館,亞福儲能股份有限公司,太陽能,2,2021,2022-03-31
高雄市動物保護處,燕巢動物保護關愛園區(行政區),亞福儲能股份有限公司,太陽能,4,2021,2022-03-31
高雄市動物保護處,燕巢動物保護關愛園區(開放區),精誠資訊股份有限公司,太陽能,5,2021,2022-03-31
國立臺南大學附設實驗國民小學,國立臺南大學附設實驗國民小學,矽品精密工業股份有限公司,太陽能,18,2021,2022-03-31
台灣糖業股份有限公司,台灣糖業股份有限公司畜殖事業部大響營第一畜殖場,亞福儲能股份有限公司,生質能,3,2021,2022-03-31
財團法人工業技術研究院-六甲院區,財團法人工業技術研究院-六甲院區,國泰世華商業銀行股份有限公司,太陽能,76,2021,2022-03-29
臺北市政府產業發展局,臺北市政府產業發展局 興隆市場,精誠資訊股份有限公司,太陽能,16,2021,2022-03-25
臺北市政府產業發展局,臺北市政府產業發展局,精誠資訊股份有限公司,太陽能,4,2021,2022-03-25
明徽能源股份有限公司,明徽能源股份有限公司,新光人壽保險股份有限公司,太陽能,18,2021,2022-03-25
財團法人宜蘭縣私立竹林養護院,竹林養護院,綠藤生物科技股份有限公司,太陽能,4,2021,2022-03-25
財團法人宜蘭縣私立竹林養護院,竹林養護院,源點科技股份有限公司,太陽能,8,2021,2022-03-25
財團法人宜蘭縣私立竹林養護院,竹林養護院,美科實業股份有限公司,太陽能,10,2021,2022-03-25
國立澎湖科技大學,國立澎湖科技大學,信義房屋股份有限公司,太陽能,79,2021,2022-03-21
交通部台灣鐵路管理局,交通部台灣鐵路管理局 基隆站,精誠資訊股份有限公司,太陽能,27,2021,2022-03-11
財團法人宜蘭縣私立竹林養護院,竹林養護院,台灣屈臣氏個人用品商店股份有限公司,太陽能,1,2021,2022-03-11
財團法人宜蘭縣私立竹林養護院,竹林養護院,王道商業銀行股份有限公司,太陽能,30,2021,2022-03-11
臺北市政府產業發展局,臺北市政府產業發展局 士東市場,華南商業銀行股份有限公司,太陽能,27,2021,2022-02-23
臺北市政府產業發展局,臺北市政府產業發展局新生公園未來館,華南商業銀行股份有限公司,太陽能,42,2021,2022-02-23
利佳興業股份有限公司,利佳興業股份有限公司,永佳環球有限公司,太陽能,50,2021,2022-02-22
台灣糖業股份有限公司,台灣糖業股份有限公司畜殖事業部大響營第一畜殖場,永豐金融控股股份有限公司,生質能,7,2021,2022-01-19
財團法人工業技術研究院-六甲院區,財團法人工業技術研究院-六甲院區,國泰世華商業銀行股份有限公司,太陽能,49,2021,2022-01-14
財團法人天主教靈醫會,聖嘉民啟智中心,大江生醫股份有限公司,太陽能,16,2021,2022-01-07
國立澎湖科技大學,國立澎湖科技大學,信義房屋股份有限公司,太陽能,261,2021,2022-01-04
財團法人桃園市幸福社會福利基金會,幸福基金會太陽光電系統,台灣大哥大股份有限公司,太陽能,7,2021,2022-01-03
台灣糖業股份有限公司,台灣糖業股份有限公司畜殖事業部大響營第一畜殖場,嘉瓦士有限公司,生質能,1,2021,2022-01-03
臺北市政府產業發展局,臺北市政府產業發展局新生公園未來館,大江生醫股份有限公司,太陽能,42,2021,2022-01-03
明徽能源股份有限公司,明徽能源_屋頂二期,元大商業銀行股份有限公司,太陽能,155,2021,2021-12-30
財團法人桃園市私立脊髓損傷潛能發展中心,脊髓中心太陽光電系統,台灣大哥大股份有限公司,太陽能,30,2021,2021-12-28
財團法人天主教靈醫會,長照二期太陽光電系統,大江生醫股份有限公司,太陽能,12,2021,2021-12-28
財團法人天主教靈醫會,聖嘉民老人照顧中心,大江生醫股份有限公司,太陽能,15,2021,2021-12-28
交通部民用航空局臺中航空站,交通部民用航空局臺中航空站,愛德萬測試股份有限公司,太陽能,84,2021,2021-12-24
明徽能源股份有限公司,明徽能源_屋頂二期,元大證券股份有限公司,太陽能,65,2021,2021-12-24
明徽能源股份有限公司,明徽能源股份有限公司,財團法人國家實驗研究院國家高速網路與計算中心,太陽能,10,2021,2021-12-23
交通部民用航空局臺中航空站,交通部民用航空局臺中航空站,艾斯移動股份有限公司,太陽能,1,2021,2021-12-16
誠美材料科技股份有限公司,誠美材料科技股份有限公司,元大期貨股份有限公司,太陽能,75,2021,2021-12-15
明徽能源股份有限公司,明徽能源_屋頂二期,中強光電股份有限公司南科二廠,太陽能,22,2021,2021-12-08
明徽能源股份有限公司,明徽能源_屋頂二期,中強光電股份有限公司(力行廠),太陽能,48,2021,2021-12-08
國立高雄科技大學,國立高雄科技大學,矽品精密工業股份有限公司,太陽能,23,2021,2021-11-26
交通部民用航空局臺中航空站,交通部民用航空局臺中航空站,博仲法律事務所,太陽能,10,2021,2021-11-26
明徽能源股份有限公司,明徽能源_屋頂二期,中強光電股份有限公司南科分公司第一廠,太陽能,55,2021,2021-11-22
明徽能源股份有限公司,明徽能源_屋頂二期,中強光電股份有限公司,太陽能,50,2021,2021-11-22
明徽能源股份有限公司,明徽能源股份有限公司,遠東百貨股份有限公司台南分公司,太陽能,10,2021,2021-11-22
萬家香醬園股份有限公司,萬家香三期,美商蘋果電子股份有限公司台灣分公司,太陽能,72,2021,2021-11-22
萬家香醬園股份有限公司,萬家香二期,美商蘋果電子股份有限公司台灣分公司,太陽能,163,2021,2021-11-22
萬家香醬園股份有限公司,萬家香一期,美商蘋果電子股份有限公司台灣分公司,太陽能,90,2021,2021-11-22
明徽能源股份有限公司,明徽能源股份有限公司,達勝科技股份有限公司,太陽能,1,2021,2021-11-22
財團法人工業技術研究院-六甲院區,財團法人工業技術研究院-六甲院區,國泰世華商業銀行股份有限公司,太陽能,254,2021,2021-11-16
臺北市政府產業發展局,臺北市政府產業發展局,聚陽實業股份有限公司,太陽能,4,2021,2021-11-15
臺北市政府產業發展局,臺北市政府產業發展局 士東市場,第一商業銀行股份有限公司,太陽能,15,2021,2021-11-11
臺北市政府產業發展局,臺北市政府產業發展局新生公園夢想館,玉山金融控股股份有限公司,太陽能,49,2021,2021-11-04
利佳興業股份有限公司,利佳興業股份有限公司,彰化商業銀行股份有限公司,太陽能,90,2021,2021-11-04
臺北市政府產業發展局,臺北市政府產業發展局 興隆市場,精誠資訊股份有限公司,太陽能,17,2021,2021-11-04
明徽能源股份有限公司,明徽能源股份有限公司,台灣萊雅股份有限公司,太陽能,30,2021,2021-11-04
明徽能源股份有限公司,明徽能源股份有限公司,愛德萬測試股份有限公司,太陽能,10,2021,2021-10-20
臺北市政府產業發展局,臺北市政府產業發展局 士東市場,愛德萬測試股份有限公司,太陽能,8,2021,2021-10-20
財團法人天主教靈醫會,聖嘉民啟智中心,大江生醫股份有限公司,太陽能,6,2021,2021-10-20
誠美材料科技股份有限公司,誠美材料科技股份有限公司,元大證券投資信託股份有限公司,太陽能,30,2021,2021-09-23
誠美材料科技股份有限公司,誠美材料科技股份有限公司,元大證券金融股份有限公司,太陽能,15,2021,2021-09-23
誠美材料科技股份有限公司,誠美材料科技股份有限公司,元大人壽保險股份有限公司,太陽能,30,2021,2021-09-23
高雄市動物保護處,燕巢動物保護關愛園區(開放區),第一商業銀行股份有限公司,太陽能,6,2021,2021-09-23
高雄市動物保護處,燕巢動物保護關愛園區(行政區),第一商業銀行股份有限公司,太陽能,6,2021,2021-09-23
國立海洋生物博物館,國立海洋生物博物館,德紐股份有限公司,太陽能,30,2021,2021-09-14
衛生福利部嘉南療養院,衛生福利部嘉南療養院1期,兆豐金融控股股份有限公司,太陽能,23,2021,2021-09-01
衛生福利部嘉南療養院,衛生福利部嘉南療養院1期,永智顧問股份有限公司,太陽能,1,2021,2021-09-01
財團法人天主教靈醫會,聖嘉民老人照顧中心,大江生醫股份有限公司,太陽能,6,2021,2021-09-01
利佳興業股份有限公司,利佳興業股份有限公司,博仲法律事務所,太陽能,15,2021,2021-07-08
利佳興業股份有限公司,利佳興業股份有限公司,節能屋能源科技股份有限公司,太陽能,2,2021,2021-07-08
利佳興業股份有限公司,利佳興業股份有限公司,電轉轉電力股份有限公司,太陽能,3,2021,2021-07-08
衛生福利部嘉南療養院,衛生福利部嘉南療養院1期,傳閔工程股份有限公司,太陽能,10,2021,2021-07-08
誠美材料科技股份有限公司,誠美材料科技股份有限公司,宜鼎國際股份有限公司,太陽能,95,2021,2021-06-04
國立海洋生物博物館,國立海洋生物博物館,德紐股份有限公司,太陽能,23,2021,2021-06-03
財團法人工業技術研究院-六甲院區,財團法人工業技術研究院-六甲院區,愛德華先進科技股份有限公司,太陽能,23,2021,2021-04-21
明徽能源股份有限公司,明徽能源股份有限公司,石門山綠資本有限公司,太陽能,2,2020,2024-05-04
全利能源實業股份有限公司,全利能源實業股份有限公司,禾原新能源科技股份有限公司,太陽能,1,2020,2023-02-03
李長榮實業股份有限公司,李長榮實業股份有限公司,華信光電科技股份有限公司,太陽能,3,2020,2023-01-14
李長榮實業股份有限公司,李長榮實業股份有限公司,台橡股份有限公司,太陽能,2,2020,2023-01-13
李長榮實業股份有限公司,李長榮實業股份有限公司,華信光電科技股份有限公司,太陽能,2,2020,2023-01-12
李長榮實業股份有限公司,李長榮實業股份有限公司,鉅舵顧問有限公司,太陽能,1,2020,2023-01-05
李長榮實業股份有限公司,李長榮實業股份有限公司,瑞聯證券投資顧問股份有限公司,太陽能,1,2020,2023-01-05
全利能源實業股份有限公司,全利能源實業股份有限公司,台灣碳資產股份有限公司,太陽能,2,2020,2022-10-20
太陽光電能源科技股份有限公司,太陽光電能源科技股份有限公司,新光金保險代理人股份有限公司,太陽能,2,2020,2022-08-17
交通部台灣鐵路管理局,交通部台灣鐵路管理局 基隆站,德紐股份有限公司,太陽能,25,2020,2022-06-28
高雄市動物保護處,燕巢動物保護關愛園區(開放區),亞福儲能股份有限公司,太陽能,3,2020,2022-03-31
高雄市動物保護處,燕巢動物保護關愛園區(行政區),亞福儲能股份有限公司,太陽能,14,2020,2022-03-31
台灣糖業股份有限公司,台灣糖業股份有限公司畜殖事業部大響營第一畜殖場,亞福儲能股份有限公司,生質能,3,2020,2022-03-31
全利能源實業股份有限公司,全利能源實業股份有限公司,新光金保險代理人股份有限公司,太陽能,2,2020,2022-03-25
國立海洋生物博物館,國立海洋生物博物館,德紐股份有限公司,太陽能,13,2020,2022-02-23
台灣糖業股份有限公司,台灣糖業股份有限公司畜殖事業部大響營第一畜殖場,永豐金融控股股份有限公司,生質能,10,2020,2022-01-19
財團法人宜蘭縣私立竹林養護院,竹林養護院,源點科技股份有限公司,太陽能,35,2020,2021-12-01
全利能源實業股份有限公司,全利能源實業股份有限公司,東明油墨股份有限公司,太陽能,2,2020,2021-11-26
萬家香醬園股份有限公司,萬家香三期,美商蘋果電子股份有限公司台灣分公司,太陽能,36,2020,2021-11-22
萬家香醬園股份有限公司,萬家香二期,美商蘋果電子股份有限公司台灣分公司,太陽能,87,2020,2021-11-22
萬家香醬園股份有限公司,萬家香一期,美商蘋果電子股份有限公司台灣分公司,太陽能,60,2020,2021-11-22
財團法人天主教靈醫會,聖嘉民老人照顧中心,大江生醫股份有限公司,太陽能,2,2020,2021-10-20
財團法人天主教靈醫會,聖嘉民啟智中心,大江生醫股份有限公司,太陽能,3,2020,2021-09-01
臺北市政府產業發展局,臺北市政府產業發展局新生公園夢想館,大江生醫股份有限公司,太陽能,23,2020,2021-09-01
臺北市政府產業發展局,臺北市政府產業發展局新生公園未來館,大江生醫股份有限公司,太陽能,2,2020,2021-09-01
國立高雄科技大學,國立高雄科技大學,日月光半導體製造股份有限公司,太陽能,7,2020,2021-08-24
國立高雄大學行政大樓,國立高雄大學行政大樓,日月光半導體製造股份有限公司,太陽能,2,2020,2021-08-24
國立高雄大學法學院,國立高雄大學法學院,日月光半導體製造股份有限公司,太陽能,11,2020,2021-08-24
衛生福利部嘉南療養院,衛生福利部嘉南療養院1期,大江生醫股份有限公司,太陽能,136,2020,2021-08-24
臺北市政府產業發展局,臺北市政府產業發展局新生公園未來館,英富霖諮詢股份有限公司,太陽能,1,2020,2021-06-30
交通部民用航空局臺中航空站,交通部民用航空局臺中航空站,愛德萬測試股份有限公司,太陽能,8,2020,2021-06-23
財團法人工業技術研究院-中創園區,財團法人工業技術研究院-中創園區,第一商業銀行(股)有限公司,太陽能,47,2020,2021-04-29
臺北市政府產業發展局,臺北市政府產業發展局新生公園未來館,元太科技工業股份有限公司,太陽能,73,2020,2021-04-26
臺北市政府產業發展局,臺北市政府產業發展局 士東市場,元太科技工業股份有限公司,太陽能,7,2020,2021-04-26
衛生福利部嘉南療養院,衛生福利部嘉南療養院1期,精誠資訊股份有限公司,太陽能,20,2020,2021-04-26
國立澎湖科技大學,國立澎湖科技大學,元太科技工業股份有限公司,太陽能,192,2020,2021-04-26
客家委員會客家文化發展中心六堆園區,客家委員會客家文化發展中心六堆園區,兆豐金融控股股份有限公司,太陽能,128,2020,2021-04-26
客家委員會客家文化發展中心銅鑼園區,客家委員會客家文化發展中心銅鑼園區,兆豐金融控股股份有限公司,太陽能,154,2020,2021-04-26
客家委員會客家文化發展中心,六堆客家文化園區,兆豐金融控股股份有限公司,太陽能,59,2020,2021-04-26
財團法人工業技術研究院-六甲院區,財團法人工業技術研究院-六甲院區,愛德華先進科技股份有限公司,太陽能,62,2020,2021-04-21
臺北市政府產業發展局,臺北市政府產業發展局新生公園未來館,新光人壽保險股份有限公司,太陽能,14,2020,2021-04-16
交通部民用航空局臺中航空站,交通部民用航空局臺中航空站,聚陽實業股份有限公司,太陽能,15,2020,2021-04-14
臺北市政府產業發展局,臺北市政府產業發展局 興隆市場,第一商業銀行股份有限公司,太陽能,36,2020,2021-03-26
臺北市政府產業發展局,臺北市政府產業發展局 士東市場,精誠資訊股份有限公司,太陽能,45,2020,2021-03-25
臺北市政府產業發展局,臺北市政府產業發展局,瑞助營造股份有限公司,太陽能,7,2020,2021-03-25
誠美材料科技股份有限公司,誠美材料科技股份有限公司,中強光電股份有限公司(力行廠),太陽能,55,2020,2021-03-25
交通部民用航空局臺中航空站,交通部民用航空局臺中航空站,精誠資訊股份有限公司,太陽能,35,2020,2021-03-25
利佳興業股份有限公司,利佳興業股份有限公司,永佳環球有限公司,太陽能,46,2020,2021-03-05
萬家香醬園股份有限公司,萬家香一期,美商蘋果電子股份有限公司台灣分公司,太陽能,74,2020,2021-03-05
萬家香醬園股份有限公司,萬家香二期,美商蘋果電子股份有限公司台灣分公司,太陽能,169,2020,2021-03-05
萬家香醬園股份有限公司,萬家香三期,美商蘋果電子股份有限公司台灣分公司,太陽能,77,2020,2021-03-05
臺北市政府產業發展局,臺北市政府產業發展局新生公園夢想館,第一商業銀行股份有限公司,太陽能,40,2020,2021-02-02
誠美材料科技股份有限公司,誠美材料科技股份有限公司,南亞科技股份有限公司,太陽能,160,2020,2021-01-28
臺北市政府產業發展局,臺北市政府產業發展局新生公園夢想館,南亞科技股份有限公司,太陽能,30,2020,2021-01-28
財團法人工業技術研究院-中創園區,財團法人工業技術研究院-中創園區,南亞科技股份有限公司,太陽能,172,2020,2021-01-22
國立海洋生物博物館,國立海洋生物博物館,台新國際商業銀行,太陽能,25,2020,2021-01-20
高雄市動物保護處,燕巢動物保護關愛園區(開放區),兆豐金融控股股份有限公司,太陽能,11,2020,2021-01-14
台灣糖業股份有限公司,台灣糖業股份有限公司畜殖事業部四林畜殖場,第一商業銀行股份有限公司,生質能,15,2020,2021-01-08
台灣糖業股份有限公司,台灣糖業股份有限公司畜殖事業部四林畜殖場,凱基商業銀行股份有限公司,生質能,5,2020,2021-01-04
台灣糖業股份有限公司,台灣糖業股份有限公司畜殖事業部大響營第一畜殖場,凱基商業銀行股份有限公司,生質能,29,2020,2021-01-04
財團法人天主教靈醫會,聖嘉民老人照顧中心,大江生醫股份有限公司,太陽能,8,2020,2021-01-04
財團法人天主教靈醫會,聖嘉民啟智中心,大江生醫股份有限公司,太陽能,14,2020,2021-01-04
全利能源實業股份有限公司,全利能源實業股份有限公司,永智顧問股份有限公司,太陽能,1,2020,2020-12-25
誠美材料科技股份有限公司,誠美材料科技股份有限公司,博仲法律事務所,太陽能,5,2020,2020-12-25
國立高雄科技大學,國立高雄科技大學,聯發科技,太陽能,20,2020,2020-12-23
財團法人工業技術研究院-六甲院區,財團法人工業技術研究院-六甲院區,愛德華先進科技股份有限公司,太陽能,43,2020,2020-12-22
台灣糖業股份有限公司,台灣糖業股份有限公司畜殖事業部大響營第一畜殖場,連**,生質能,1,2020,2020-12-22
誠美材料科技股份有限公司,誠美材料科技股份有限公司,博仲法律事務所,太陽能,50,2020,2020-12-11
國立海洋生物博物館,國立海洋生物博物館,玉山金融控股股份有限公司,太陽能,55,2020,2020-12-10
利佳興業股份有限公司,利佳興業股份有限公司,彰化商業銀行股份有限公司,太陽能,80,2020,2020-12-10
財團法人工業技術研究院-六甲院區,財團法人工業技術研究院-六甲院區,愛德華先進科技股份有限公司,太陽能,169,2020,2020-12-04
國立臺南大學附設實驗國民小學,國立臺南大學附設實驗國民小學,矽品精密工業股份有限公司,太陽能,20,2020,2020-12-02
交通部民用航空局臺中航空站,交通部民用航空局臺中航空站,王道商業銀行股份有限公司,太陽能,88,2020,2020-12-01
財團法人天主教靈醫會,聖嘉民老人照顧中心,大江生醫股份有限公司,太陽能,3,2020,2020-11-27
誠美材料科技股份有限公司,誠美材料科技股份有限公司,中強光電股份有限公司南科分公司第一廠,太陽能,60,2020,2020-11-19
國立海洋生物博物館,國立海洋生物博物館,德紐股份有限公司,太陽能,10,2020,2020-11-16
誠美材料科技股份有限公司,誠美材料科技股份有限公司,中強光電股份有限公司,太陽能,50,2020,2020-11-05
利佳興業股份有限公司,利佳興業股份有限公司,台灣碳交易股份有限公司,太陽能,2,2020,2020-10-26
明徽能源股份有限公司,明徽能源股份有限公司,新光人壽保險股份有限公司,太陽能,3,2020,2020-10-26
利佳興業股份有限公司,利佳興業股份有限公司,電轉轉電力股份有限公司,太陽能,2,2020,2020-10-26
誠美材料科技股份有限公司,誠美材料科技股份有限公司,元大商業銀行股份有限公司,太陽能,35,2020,2020-10-19
國立澎湖科技大學,國立澎湖科技大學,遠東新世紀股份有限公司,太陽能,150,2020,2020-10-12
誠美材料科技股份有限公司,誠美材料科技股份有限公司,元大證券股份有限公司,太陽能,66,2020,2020-09-11
明徽能源股份有限公司,明徽能源股份有限公司,朱**,太陽能,1,2020,2020-08-20
誠美材料科技股份有限公司,誠美材料科技股份有限公司,元大商業銀行股份有限公司,太陽能,70,2020,2020-08-14
財團法人工業技術研究院-六甲院區,財團法人工業技術研究院-六甲院區,愛德華先進科技股份有限公司,太陽能,203,2020,2020-08-05
台灣糖業股份有限公司,台灣糖業股份有限公司畜殖事業部大響營第一畜殖場,華城電機股份有限公司,生質能,1,2020,2020-07-30
誠美材料科技股份有限公司,誠美材料科技股份有限公司,元大期貨股份有限公司,太陽能,50,2020,2020-07-29
財團法人天主教靈醫會,聖嘉民老人照顧中心,大江生醫股份有限公司,太陽能,2,2020,2020-07-07
誠美材料科技股份有限公司,誠美材料科技股份有限公司,元大證券股份有限公司,太陽能,89,2020,2020-06-17
誠美材料科技股份有限公司,誠美材料科技股份有限公司,元大證券金融股份有限公司,太陽能,10,2020,2020-06-17
利佳興業股份有限公司,利佳興業股份有限公司,聚陽實業股份有限公司,太陽能,14,2020,2020-06-10
誠美材料科技股份有限公司,誠美材料科技股份有限公司,元大人壽保險股份有限公司,太陽能,20,2020,2020-06-04
誠美材料科技股份有限公司,誠美材料科技股份有限公司,元大商業銀行股份有限公司,太陽能,54,2020,2020-05-28
誠美材料科技股份有限公司,誠美材料科技股份有限公司,元大證券投資信託股份有限公司,太陽能,20,2020,2020-05-28
利佳興業股份有限公司,利佳興業股份有限公司,元大商業銀行股份有限公司,太陽能,46,2020,2020-05-26
誠美材料科技股份有限公司,誠美材料科技股份有限公司,元大證券股份有限公司,太陽能,50,2020,2020-05-26
財團法人天主教靈醫會,聖嘉民老人照顧中心,大江生醫股份有限公司,太陽能,2,2020,2020-05-22
國立高雄大學法學院,國立高雄大學法學院,日月光半導體製造股份有限公司,太陽能,1,2020,2020-04-21
財團法人天主教靈醫會,聖嘉民老人照顧中心,大江生醫股份有限公司,太陽能,1,2020,2020-04-21
財團法人天主教靈醫會,聖嘉民老人照顧中心,大江生醫股份有限公司,太陽能,2,2020,2020-03-19
財團法人天主教靈醫會,聖嘉民老人照顧中心,大江生醫股份有限公司,太陽能,1,2020,2020-02-19
高雄市動物保護處,燕巢動物保護關愛園區(開放區),亞福儲能股份有限公司,太陽能,5,2019,2022-03-31
高雄市動物保護處,燕巢動物保護關愛園區(行政區),亞福儲能股份有限公司,太陽能,5,2019,2022-03-31
國立海洋生物博物館,國立海洋生物博物館,德紐股份有限公司,太陽能,3,2019,2022-02-23
全利能源實業股份有限公司,全利能源實業股份有限公司,愛德萬測試股份有限公司,太陽能,13,2019,2021-11-16
交通部民用航空局臺中航空站,交通部民用航空局臺中航空站,第一商業銀行股份有限公司,太陽能,22,2019,2020-11-18
國立高雄科技大學,國立高雄科技大學,捷博科技股份有限公司,太陽能,34,2019,2020-08-06
財團法人工業技術研究院-六甲院區,財團法人工業技術研究院-六甲院區,愛德華先進科技股份有限公司,太陽能,2,2019,2020-08-05
國立海洋生物博物館,國立海洋生物博物館,台新國際商業銀行,太陽能,5,2019,2020-06-17
台灣糖業股份有限公司,台灣糖業股份有限公司畜殖事業部四林畜殖場,新光人壽保險股份有限公司,生質能,1,2019,2020-04-27
台灣糖業股份有限公司,台灣糖業股份有限公司畜殖事業部大響營第一畜殖場,新光人壽保險股份有限公司,生質能,16,2019,2020-04-27
國立高雄大學行政大樓,國立高雄大學行政大樓,日月光半導體製造股份有限公司,太陽能,3,2019,2020-04-21
國立高雄大學法學院,國立高雄大學法學院,日月光半導體製造股份有限公司,太陽能,16,2019,2020-04-21
誠美材料科技股份有限公司,誠美材料科技股份有限公司,博仲法律事務所,太陽能,9,2019,2020-04-14
利佳興業股份有限公司,利佳興業股份有限公司,永佳環球有限公司,太陽能,25,2019,2020-04-07
客家委員會客家文化發展中心六堆園區,客家委員會客家文化發展中心六堆園區,元太科技工業股份有限公司,太陽能,42,2019,2020-03-24
客家委員會客家文化發展中心銅鑼園區,客家委員會客家文化發展中心銅鑼園區,元太科技工業股份有限公司,太陽能,81,2019,2020-03-24
財團法人工業技術研究院-中創園區,財團法人工業技術研究院-中創園區,凱基商業銀行股份有限公司,太陽能,31,2019,2020-03-23
交通部台灣鐵路管理局,交通部台灣鐵路管理局南科站,博仲法律事務所,太陽能,7,2019,2020-03-23
交通部台灣鐵路管理局,交通部台灣鐵路管理局 基隆站,博仲法律事務所,太陽能,24,2019,2020-03-23
交通部台灣鐵路管理局,交通部台灣鐵路管理局北湖站,博仲法律事務所,太陽能,7,2019,2020-03-23
國立海洋生物博物館,國立海洋生物博物館,國泰世華商業銀行股份有限公司,太陽能,17,2019,2020-03-04
國立澎湖科技大學,國立澎湖科技大學,元太科技工業股份有限公司,太陽能,337,2019,2020-02-27
交通部台灣鐵路管理局,交通部台灣鐵路管理局 竹北站,王道商業銀行股份有限公司,太陽能,6,2019,2020-02-27
衛生福利部嘉南療養院,衛生福利部嘉南療養院1期,元太科技工業股份有限公司,太陽能,37,2019,2020-02-27
財團法人工業技術研究院-中創園區,財團法人工業技術研究院-中創園區,瑞典商斯堪尼亞汽車工業股份有限公司台灣分公司,太陽能,22,2019,2020-02-13
財團法人工業技術研究院-六甲院區,財團法人工業技術研究院-六甲院區,遠東新世紀股份有限公司,太陽能,53,2019,2020-02-06
交通部民用航空局臺中航空站,交通部民用航空局臺中航空站,博仲法律事務所,太陽能,8,2019,2020-01-22
誠美材料科技股份有限公司,誠美材料科技股份有限公司,中強光電股份有限公司,太陽能,50,2019,2020-01-22
財團法人天主教靈醫會,聖嘉民老人照顧中心,大江生醫股份有限公司,太陽能,1,2019,2020-01-16
財團法人工業技術研究院-六甲院區,財團法人工業技術研究院-六甲院區,遠東新世紀股份有限公司,太陽能,5,2019,2020-01-10
財團法人天主教靈醫會,聖嘉民老人照顧中心,大江生醫股份有限公司,太陽能,1,2019,2019-12-25
財團法人工業技術研究院-六甲院區,財團法人工業技術研究院-六甲院區,遠傳電信股份有限公司,太陽能,14,2019,2019-12-25
財團法人工業技術研究院-中創園區,財團法人工業技術研究院-中創園區,元大商業銀行股份有限公司,太陽能,67,2019,2019-12-24
交通部民用航空局臺中航空站,交通部民用航空局臺中航空站,元大商業銀行股份有限公司,太陽能,31,2019,2019-12-24
利佳興業股份有限公司,利佳興業股份有限公司,元大商業銀行股份有限公司,太陽能,2,2019,2019-12-23
利佳興業股份有限公司,利佳興業股份有限公司,元大期貨股份有限公司,太陽能,50,2019,2019-12-23
誠美材料科技股份有限公司,誠美材料科技股份有限公司,台灣大哥大股份有限公司,太陽能,339,2019,2019-12-16
誠美材料科技股份有限公司,誠美材料科技股份有限公司,元大證券金融股份有限公司,太陽能,10,2019,2019-12-11
誠美材料科技股份有限公司,誠美材料科技股份有限公司,元大商業銀行股份有限公司,太陽能,100,2019,2019-12-11
誠美材料科技股份有限公司,誠美材料科技股份有限公司,元大證券股份有限公司,太陽能,110,2019,2019-12-05
國立海洋生物博物館,國立海洋生物博物館,國泰人壽保險股份有限公司,太陽能,70,2019,2019-11-29
客家委員會客家文化發展中心六堆園區,客家委員會客家文化發展中心六堆園區,元太科技工業股份有限公司,太陽能,50,2019,2019-11-26
客家委員會客家文化發展中心銅鑼園區,客家委員會客家文化發展中心銅鑼園區,元太科技工業股份有限公司,太陽能,50,2019,2019-11-22
交通部民用航空局臺中航空站,交通部民用航空局臺中航空站,玉山金融控股股份有限公司,太陽能,80,2019,2019-11-21
財團法人工業技術研究院-六甲院區,財團法人工業技術研究院-六甲院區,遠傳電信股份有限公司,太陽能,47,2019,2019-11-13
財團法人工業技術研究院-六甲院區,財團法人工業技術研究院-六甲院區,亞洲水泥股份有限公司,太陽能,28,2019,2019-11-13
財團法人工業技術研究院-六甲院區,財團法人工業技術研究院-六甲院區,太平洋崇光百貨股份有限公司,太陽能,11,2019,2019-11-13
財團法人天主教靈醫會,聖嘉民老人照顧中心,大江生醫股份有限公司,太陽能,4,2019,2019-11-13
誠美材料科技股份有限公司,誠美材料科技股份有限公司,元大證券股份有限公司,太陽能,90,2019,2019-10-28
財團法人工業技術研究院-中創園區,財團法人工業技術研究院-中創園區,兆豐金融控股股份有限公司,太陽能,81,2019,2019-10-24
利佳興業股份有限公司,利佳興業股份有限公司,元大證券投資信託股份有限公司,太陽能,20,2019,2019-10-23
利佳興業股份有限公司,利佳興業股份有限公司,元大人壽保險股份有限公司,太陽能,20,2019,2019-10-23
衛生福利部嘉南療養院,衛生福利部嘉南療養院1期,元太科技工業股份有限公司,太陽能,89,2019,2019-10-09
財團法人天主教靈醫會,聖嘉民老人照顧中心,大江生醫股份有限公司,太陽能,2,2019,2019-10-01
財團法人工業技術研究院-六甲院區,財團法人工業技術研究院-六甲院區,遠傳電信股份有限公司,太陽能,12,2019,2019-10-01
財團法人工業技術研究院-六甲院區,財團法人工業技術研究院-六甲院區,亞洲水泥股份有限公司,太陽能,12,2019,2019-10-01
財團法人工業技術研究院-六甲院區,財團法人工業技術研究院-六甲院區,太平洋崇光百貨股份有限公司,太陽能,12,2019,2019-10-01
財團法人工業技術研究院-六甲院區,財團法人工業技術研究院-六甲院區,宏遠興業股份有限公司,太陽能,30,2019,2019-08-30
財團法人工業技術研究院-六甲院區,財團法人工業技術研究院-六甲院區,東聯化學股份有限公司,太陽能,30,2019,2019-08-30
財團法人工業技術研究院-六甲院區,財團法人工業技術研究院-六甲院區,遠東百貨股份有限公司,太陽能,30,2019,2019-08-30
財團法人工業技術研究院-六甲院區,財團法人工業技術研究院-六甲院區,裕民航運股份有限公司,太陽能,20,2019,2019-08-30
財團法人工業技術研究院-六甲院區,財團法人工業技術研究院-六甲院區,遠東國際商業銀行股份有限公司,太陽能,20,2019,2019-08-30
台灣糖業股份有限公司,台灣糖業股份有限公司畜殖事業部大響營第一畜殖場,兆豐金融控股股份有限公司,生質能,65,2019,2019-08-30
財團法人工業技術研究院-六甲院區,財團法人工業技術研究院-六甲院區,亞洲水泥股份有限公司,太陽能,27,2019,2019-08-30
財團法人工業技術研究院-六甲院區,財團法人工業技術研究院-六甲院區,太平洋崇光百貨股份有限公司,太陽能,27,2019,2019-08-30
財團法人工業技術研究院-六甲院區,財團法人工業技術研究院-六甲院區,遠傳電信股份有限公司,太陽能,27,2019,2019-08-30
財團法人工業技術研究院-六甲院區,財團法人工業技術研究院-六甲院區,遠東新世紀股份有限公司,太陽能,27,2019,2019-08-30
財團法人天主教靈醫會,聖嘉民老人照顧中心,大江生醫股份有限公司,太陽能,7,2019,2019-08-21
利佳興業股份有限公司,利佳興業股份有限公司,彰化商業銀行股份有限公司,太陽能,75,2019,2019-07-17
財團法人天主教靈醫會,聖嘉民老人照顧中心,大江生醫股份有限公司,太陽能,2,2019,2019-06-19
財團法人工業技術研究院-六甲院區,財團法人工業技術研究院-六甲院區,遠東新世紀股份有限公司,太陽能,53,2019,2019-04-10
財團法人工業技術研究院-中創園區,財團法人工業技術研究院-中創園區,樂活酒窖股份有限公司,太陽能,8,2018,2024-01-11
財團法人工業技術研究院-中創園區,財團法人工業技術研究院-中創園區,德紐股份有限公司,太陽能,158,2018,2024-01-11
國立海洋生物博物館,國立海洋生物博物館,德紐股份有限公司,太陽能,7,2018,2022-02-23
全利能源實業股份有限公司,全利能源實業股份有限公司,愛德萬測試股份有限公司,太陽能,11,2018,2021-11-26
全利能源實業股份有限公司,全利能源實業股份有限公司,愛德萬測試股份有限公司,太陽能,2,2018,2021-08-24
衛生福利部嘉南療養院,衛生福利部嘉南療養院1期,元太科技工業股份有限公司,太陽能,11,2018,2019-11-21
台灣糖業股份有限公司,台灣糖業股份有限公司畜殖事業部大響營第一畜殖場,崑山科技大學,生質能,4,2018,2019-10-29
台灣糖業股份有限公司,台灣糖業股份有限公司畜殖事業部大響營第一畜殖場,電轉轉電力股份有限公司,生質能,4,2018,2019-10-29
台灣糖業股份有限公司,台灣糖業股份有限公司畜殖事業部大響營第一畜殖場,台灣碳交易股份有限公司,生質能,4,2018,2019-10-29
台灣糖業股份有限公司,台灣糖業股份有限公司畜殖事業部大響營第一畜殖場,顏**,生質能,3,2018,2019-08-16
台灣糖業股份有限公司,台灣糖業股份有限公司畜殖事業部大響營第一畜殖場,永智顧問股份有限公司,生質能,1,2018,2019-08-07
國立高雄大學法學院,國立高雄大學法學院,大江生醫股份有限公司,太陽能,15,2018,2019-07-10
國立高雄大學行政大樓,國立高雄大學行政大樓,大江生醫股份有限公司,太陽能,2,2018,2019-07-10
台灣糖業股份有限公司,台灣糖業股份有限公司畜殖事業部大響營第一畜殖場,鉅舵顧問有限公司,生質能,1,2018,2019-07-08
台灣糖業股份有限公司,台灣糖業股份有限公司畜殖事業部大響營第一畜殖場,周**,生質能,1,2018,2019-07-08
國立海洋生物博物館,國立海洋生物博物館,台新國際商業銀行,太陽能,10,2018,2019-06-17
國立高雄科技大學,國立高雄科技大學,彰化商業銀行股份有限公司,太陽能,47,2018,2019-04-25
國立高雄科技大學,國立高雄科技大學,弈澄科技股份有限公司,太陽能,4,2018,2019-04-25
利佳興業股份有限公司,利佳興業股份有限公司,彰化商業銀行股份有限公司,太陽能,20,2018,2019-04-19
誠美材料科技股份有限公司,誠美材料科技股份有限公司,中強光電股份有限公司,太陽能,50,2018,2019-04-18
客家委員會客家文化發展中心銅鑼園區,客家委員會客家文化發展中心銅鑼園區,元太科技工業股份有限公司,太陽能,37,2018,2019-04-10
客家委員會客家文化發展中心六堆園區,客家委員會客家文化發展中心六堆園區,元太科技工業股份有限公司,太陽能,83,2018,2019-04-10
衛生福利部嘉南療養院,衛生福利部嘉南療養院1期,元太科技工業股份有限公司,太陽能,124,2018,2019-03-22
國立海洋生物博物館,國立海洋生物博物館,國泰世華商業銀行股份有限公司,太陽能,17,2018,2019-02-27
國立澎湖科技大學,國立澎湖科技大學,元太科技工業股份有限公司,太陽能,152,2018,2019-02-22
財團法人工業技術研究院-六甲院區,財團法人工業技術研究院-六甲院區,遠傳電信股份有限公司,太陽能,12,2018,2019-02-20
財團法人工業技術研究院-六甲院區,財團法人工業技術研究院-六甲院區,遠東新世紀股份有限公司,太陽能,11,2018,2019-02-20
財團法人工業技術研究院-六甲院區,財團法人工業技術研究院-六甲院區,亞洲水泥股份有限公司,太陽能,12,2018,2019-02-20
誠美材料科技股份有限公司,誠美材料科技股份有限公司,台灣肥料股份有限公司,太陽能,100,2018,2019-02-12
交通部民用航空局臺中航空站,交通部民用航空局臺中航空站,元太科技工業股份有限公司,太陽能,10,2018,2019-01-29
交通部民用航空局臺中航空站,交通部民用航空局臺中航空站,元太科技工業股份有限公司,太陽能,23,2018,2018-12-26
國立海洋生物博物館,國立海洋生物博物館,國泰人壽保險股份有限公司,太陽能,22,2018,2018-12-20
財團法人工業技術研究院-六甲院區,財團法人工業技術研究院-六甲院區,遠東新世紀股份有限公司,太陽能,7,2018,2018-12-17
財團法人工業技術研究院-六甲院區,財團法人工業技術研究院-六甲院區,遠傳電信股份有限公司,太陽能,7,2018,2018-12-17
財團法人工業技術研究院-六甲院區,財團法人工業技術研究院-六甲院區,太平洋崇光百貨股份有限公司,太陽能,2,2018,2018-12-17
財團法人工業技術研究院-六甲院區,財團法人工業技術研究院-六甲院區,宏遠興業股份有限公司,太陽能,2,2018,2018-12-17
財團法人工業技術研究院-六甲院區,財團法人工業技術研究院-六甲院區,裕民航運股份有限公司,太陽能,2,2018,2018-12-17
財團法人工業技術研究院-六甲院區,財團法人工業技術研究院-六甲院區,亞洲水泥股份有限公司,太陽能,7,2018,2018-12-17
財團法人工業技術研究院-六甲院區,財團法人工業技術研究院-六甲院區,遠東百貨股份有限公司,太陽能,2,2018,2018-12-17
財團法人工業技術研究院-六甲院區,財團法人工業技術研究院-六甲院區,遠東國際商業銀行股份有限公司,太陽能,2,2018,2018-12-17
利佳興業股份有限公司,利佳興業股份有限公司,財團法人台灣大電力研究試驗中心,太陽能,36,2018,2018-11-26
利佳興業股份有限公司,利佳興業股份有限公司,節能屋能源科技股份有限公司,太陽能,2,2018,2018-11-22
財團法人工業技術研究院-六甲院區,財團法人工業技術研究院-六甲院區,遠傳電信股份有限公司,太陽能,6,2018,2018-11-19
財團法人工業技術研究院-六甲院區,財團法人工業技術研究院-六甲院區,亞洲水泥股份有限公司,太陽能,6,2018,2018-11-19
財團法人工業技術研究院-六甲院區,財團法人工業技術研究院-六甲院區,裕民航運股份有限公司,太陽能,6,2018,2018-11-19
財團法人工業技術研究院-六甲院區,財團法人工業技術研究院-六甲院區,遠東百貨股份有限公司,太陽能,6,2018,2018-11-19
財團法人工業技術研究院-六甲院區,財團法人工業技術研究院-六甲院區,遠東新世紀股份有限公司,太陽能,6,2018,2018-11-19
財團法人工業技術研究院-六甲院區,財團法人工業技術研究院-六甲院區,宏遠興業股份有限公司,太陽能,6,2018,2018-11-19
財團法人工業技術研究院-六甲院區,財團法人工業技術研究院-六甲院區,太平洋崇光百貨股份有限公司,太陽能,6,2018,2018-11-19
財團法人工業技術研究院-六甲院區,財團法人工業技術研究院-六甲院區,遠東國際商業銀行股份有限公司,太陽能,6,2018,2018-11-19
財團法人工業技術研究院-六甲院區,財團法人工業技術研究院-六甲院區,東聯化學股份有限公司,太陽能,6,2018,2018-11-19
交通部民用航空局臺中航空站,交通部民用航空局臺中航空站,元太科技工業股份有限公司,太陽能,27,2018,2018-11-19
誠美材料科技股份有限公司,誠美材料科技股份有限公司,元大期貨股份有限公司,太陽能,36,2018,2018-10-25
利佳興業股份有限公司,利佳興業股份有限公司,元大證券金融股份有限公司,太陽能,3,2018,2018-10-24
利佳興業股份有限公司,利佳興業股份有限公司,元大期貨股份有限公司,太陽能,14,2018,2018-10-24
誠美材料科技股份有限公司,誠美材料科技股份有限公司,元大證券金融股份有限公司,太陽能,7,2018,2018-10-22
誠美材料科技股份有限公司,誠美材料科技股份有限公司,元大商業銀行股份有限公司,太陽能,144,2018,2018-10-17
財團法人工業技術研究院-六甲院區,財團法人工業技術研究院-六甲院區,亞洲水泥股份有限公司,太陽能,4,2018,2018-10-15
利佳興業股份有限公司,利佳興業股份有限公司,元大商業銀行股份有限公司,太陽能,56,2018,2018-10-15
利佳興業股份有限公司,利佳興業股份有限公司,元大人壽保險股份有限公司,太陽能,5,2018,2018-10-15
財團法人工業技術研究院-六甲院區,財團法人工業技術研究院-六甲院區,遠東新世紀股份有限公司,太陽能,4,2018,2018-10-15
財團法人工業技術研究院-六甲院區,財團法人工業技術研究院-六甲院區,遠傳電信股份有限公司,太陽能,4,2018,2018-10-15
財團法人工業技術研究院-六甲院區,財團法人工業技術研究院-六甲院區,遠東百貨股份有限公司,太陽能,4,2018,2018-10-15
財團法人工業技術研究院-六甲院區,財團法人工業技術研究院-六甲院區,東聯化學股份有限公司,太陽能,4,2018,2018-10-15
財團法人工業技術研究院-六甲院區,財團法人工業技術研究院-六甲院區,遠東國際商業銀行股份有限公司,太陽能,4,2018,2018-10-15
財團法人工業技術研究院-六甲院區,財團法人工業技術研究院-六甲院區,太平洋崇光百貨股份有限公司,太陽能,4,2018,2018-10-15
財團法人工業技術研究院-六甲院區,財團法人工業技術研究院-六甲院區,裕民航運股份有限公司,太陽能,4,2018,2018-10-15
財團法人工業技術研究院-六甲院區,財團法人工業技術研究院-六甲院區,宏遠興業股份有限公司,太陽能,4,2018,2018-10-15
國立澎湖科技大學,國立澎湖科技大學,元太科技工業股份有限公司,太陽能,200,2018,2018-10-09
誠美材料科技股份有限公司,誠美材料科技股份有限公司,元大證券股份有限公司,太陽能,144,2018,2018-10-08
誠美材料科技股份有限公司,誠美材料科技股份有限公司,元大證券投資信託股份有限公司,太陽能,15,2018,2018-10-08
誠美材料科技股份有限公司,誠美材料科技股份有限公司,元大人壽保險股份有限公司,太陽能,15,2018,2018-10-08
利佳興業股份有限公司,利佳興業股份有限公司,元大證券投資信託股份有限公司,太陽能,5,2018,2018-10-02
利佳興業股份有限公司,利佳興業股份有限公司,元大證券股份有限公司,太陽能,56,2018,2018-09-28
交通部民用航空局臺中航空站,交通部民用航空局臺中航空站,元太科技工業股份有限公司,太陽能,30,2018,2018-09-20
國立海洋生物博物館,國立海洋生物博物館,國泰人壽保險股份有限公司,太陽能,38,2018,2018-09-18
財團法人工業技術研究院-六甲院區,財團法人工業技術研究院-六甲院區,亞洲水泥股份有限公司,太陽能,5,2018,2018-09-12
財團法人工業技術研究院-六甲院區,財團法人工業技術研究院-六甲院區,遠傳電信股份有限公司,太陽能,5,2018,2018-09-12
財團法人工業技術研究院-六甲院區,財團法人工業技術研究院-六甲院區,遠東百貨股份有限公司,太陽能,5,2018,2018-09-12
財團法人工業技術研究院-六甲院區,財團法人工業技術研究院-六甲院區,東聯化學股份有限公司,太陽能,5,2018,2018-09-12
財團法人工業技術研究院-六甲院區,財團法人工業技術研究院-六甲院區,遠東國際商業銀行股份有限公司,太陽能,5,2018,2018-09-12
財團法人工業技術研究院-六甲院區,財團法人工業技術研究院-六甲院區,太平洋崇光百貨股份有限公司,太陽能,5,2018,2018-09-12
財團法人工業技術研究院-六甲院區,財團法人工業技術研究院-六甲院區,宏遠興業股份有限公司,太陽能,5,2018,2018-09-12
財團法人工業技術研究院-六甲院區,財團法人工業技術研究院-六甲院區,裕民航運股份有限公司,太陽能,5,2018,2018-09-12
財團法人工業技術研究院-六甲院區,財團法人工業技術研究院-六甲院區,遠東新世紀股份有限公司,太陽能,5,2018,2018-09-12
交通部民用航空局臺中航空站,交通部民用航空局臺中航空站,玉山金融控股股份有限公司,太陽能,65,2018,2018-09-12
財團法人工業技術研究院-六甲院區,財團法人工業技術研究院-六甲院區,遠東百貨股份有限公司,太陽能,4,2018,2018-08-13
財團法人工業技術研究院-六甲院區,財團法人工業技術研究院-六甲院區,亞洲水泥股份有限公司,太陽能,4,2018,2018-08-13
財團法人工業技術研究院-六甲院區,財團法人工業技術研究院-六甲院區,裕民航運股份有限公司,太陽能,4,2018,2018-08-13
財團法人工業技術研究院-六甲院區,財團法人工業技術研究院-六甲院區,宏遠興業股份有限公司,太陽能,4,2018,2018-08-13
財團法人工業技術研究院-六甲院區,財團法人工業技術研究院-六甲院區,遠東國際商業銀行股份有限公司,太陽能,4,2018,2018-08-13
財團法人工業技術研究院-六甲院區,財團法人工業技術研究院-六甲院區,太平洋崇光百貨股份有限公司,太陽能,4,2018,2018-08-13
財團法人工業技術研究院-六甲院區,財團法人工業技術研究院-六甲院區,東聯化學股份有限公司,太陽能,4,2018,2018-08-13
財團法人工業技術研究院-六甲院區,財團法人工業技術研究院-六甲院區,遠傳電信股份有限公司,太陽能,4,2018,2018-08-13
財團法人工業技術研究院-六甲院區,財團法人工業技術研究院-六甲院區,遠東新世紀股份有限公司,太陽能,4,2018,2018-08-13
財團法人工業技術研究院-六甲院區,財團法人工業技術研究院-六甲院區,遠東百貨股份有限公司,太陽能,5,2018,2018-07-17
財團法人工業技術研究院-六甲院區,財團法人工業技術研究院-六甲院區,宏遠興業股份有限公司,太陽能,5,2018,2018-07-17
財團法人工業技術研究院-六甲院區,財團法人工業技術研究院-六甲院區,東聯化學股份有限公司,太陽能,5,2018,2018-07-17
財團法人工業技術研究院-六甲院區,財團法人工業技術研究院-六甲院區,遠傳電信股份有限公司,太陽能,5,2018,2018-07-17
財團法人工業技術研究院-六甲院區,財團法人工業技術研究院-六甲院區,亞洲水泥股份有限公司,太陽能,5,2018,2018-07-17
財團法人工業技術研究院-六甲院區,財團法人工業技術研究院-六甲院區,遠東新世紀股份有限公司,太陽能,5,2018,2018-07-17
財團法人工業技術研究院-六甲院區,財團法人工業技術研究院-六甲院區,太平洋崇光百貨股份有限公司,太陽能,5,2018,2018-07-17
財團法人工業技術研究院-六甲院區,財團法人工業技術研究院-六甲院區,裕民航運股份有限公司,太陽能,5,2018,2018-07-17
財團法人工業技術研究院-六甲院區,財團法人工業技術研究院-六甲院區,遠東國際商業銀行股份有限公司,太陽能,5,2018,2018-07-17
財團法人工業技術研究院-六甲院區,財團法人工業技術研究院-六甲院區,遠東國際商業銀行股份有限公司,太陽能,24,2018,2018-07-05
財團法人工業技術研究院-六甲院區,財團法人工業技術研究院-六甲院區,遠東新世紀股份有限公司,太陽能,24,2018,2018-07-05
財團法人工業技術研究院-六甲院區,財團法人工業技術研究院-六甲院區,亞洲水泥股份有限公司,太陽能,24,2018,2018-07-05
財團法人工業技術研究院-六甲院區,財團法人工業技術研究院-六甲院區,遠傳電信股份有限公司,太陽能,24,2018,2018-07-05
財團法人工業技術研究院-六甲院區,財團法人工業技術研究院-六甲院區,裕民航運股份有限公司,太陽能,24,2018,2018-07-05
財團法人工業技術研究院-六甲院區,財團法人工業技術研究院-六甲院區,遠東百貨股份有限公司,太陽能,24,2018,2018-07-05
財團法人工業技術研究院-六甲院區,財團法人工業技術研究院-六甲院區,太平洋崇光百貨股份有限公司,太陽能,24,2018,2018-07-05
財團法人工業技術研究院-六甲院區,財團法人工業技術研究院-六甲院區,宏遠興業股份有限公司,太陽能,24,2018,2018-07-05
財團法人工業技術研究院-六甲院區,財團法人工業技術研究院-六甲院區,東聯化學股份有限公司,太陽能,24,2018,2018-07-05
財團法人工業技術研究院-中創園區,財團法人工業技術研究院-中創園區,德紐股份有限公司,太陽能,65,2017,2023-11-02
全利能源實業股份有限公司,全利能源實業股份有限公司,愛德萬測試股份有限公司,太陽能,3,2017,2021-11-26
全利能源實業股份有限公司,全利能源實業股份有限公司,愛德萬測試股份有限公司,太陽能,2,2017,2021-08-24
利佳興業股份有限公司,利佳興業股份有限公司,財團法人台灣大電力研究試驗中心,太陽能,14,2017,2018-11-27
客家委員會客家文化發展中心六堆園區,客家委員會客家文化發展中心六堆園區,星展(台灣)商業銀行股份有限公司,太陽能,65,2017,2018-07-30
國立澎湖科技大學,國立澎湖科技大學,元太科技工業股份有限公司,太陽能,78,2017,2018-07-09
財團法人工業技術研究院-六甲院區,財團法人工業技術研究院-六甲院區,元太科技工業股份有限公司,太陽能,164,2017,2018-02-13
財團法人工業技術研究院-六甲院區,財團法人工業技術研究院-六甲院區,遠傳電信股份有限公司,太陽能,33,2017,2018-02-12
財團法人工業技術研究院-六甲院區,財團法人工業技術研究院-六甲院區,遠東新世紀股份有限公司,太陽能,34,2017,2018-02-12
財團法人工業技術研究院-六甲院區,財團法人工業技術研究院-六甲院區,亞洲水泥股份有限公司,太陽能,33,2017,2018-02-12
財團法人工業技術研究院-六甲院區,財團法人工業技術研究院-六甲院區,國泰世華商業銀行股份有限公司,太陽能,16,2017,2018-01-25
財團法人工業技術研究院-六甲院區,財團法人工業技術研究院-六甲院區,節能屋能源科技股份有限公司,太陽能,10,2017,2018-01-22
國立海洋生物博物館,國立海洋生物博物館,國泰人壽保險股份有限公司,太陽能,5,2017,2018-01-15
財團法人工業技術研究院-六甲院區,財團法人工業技術研究院-六甲院區,香港商立德國際商品試驗有限公司桃園分公司,太陽能,35,2017,2018-01-05
財團法人工業技術研究院-六甲院區,財團法人工業技術研究院-六甲院區,敦吉檢測科技股份有限公司,太陽能,20,2017,2018-01-04
財團法人工業技術研究院-六甲院區,財團法人工業技術研究院-六甲院區,財團法人台灣電子檢驗中心,太陽能,15,2017,2018-01-03
財團法人工業技術研究院-六甲院區,財團法人工業技術研究院-六甲院區,玉山金融控股股份有限公司,太陽能,10,2017,2017-12-27
國立海洋生物博物館,國立海洋生物博物館,國泰人壽保險股份有限公司,太陽能,28,2017,2017-12-22
財團法人工業技術研究院-六甲院區,財團法人工業技術研究院-六甲院區,元太科技工業股份有限公司,太陽能,20,2017,2017-11-20
國立海洋生物博物館,國立海洋生物博物館,台新國際商業銀行,太陽能,5,2017,2017-09-13
國立海洋生物博物館,國立海洋生物博物館,國泰人壽保險股份有限公司,太陽能,20,2017,2017-09-13
